Ca,Mg,K,S,N,Lime,C,P,Moisture
9.653,6.585,142,108,226.05,5.83,1.29,18,0.9
19.88,22.2,339.35,77,308.25,6.45,2,298,0.8
2.931,41.22,514.29,108,277.42,6.43,0.74,48,0.6
2.653,23.32,496.98,42,236.32,7.3,0.54,46,0.7
3.819,38.73,609.52,18,226.05,6.76,0.78,42,0.5
2.653,34,576.73,8,287.7,6.25,1.74,31,0.8
7.403,17.85,273.57,100,226.05,6.22,0.88,38,0.7
6.736,17.41,316.11,108,205.5,6.16,0.8,36,0.9
10.51,11.66,521.02,12,267.15,6.71,1.15,64,0.7
2.403,28.39,369.02,138,308.25,6.08,0.53,23,0.5
1.569,28.34,364.64,132,256.77,6.13,0.53,21,0.7
4.375,34.78,610.03,75,205.05,6.83,1.34,108,0.9
5.153,35.76,578.41,68,267.15,6.66,1.06,72,0.5
5.931,5.61,242.89,9,267.15,6.24,0.73,58,0.5
5.792,3.415,225.64,6,205.05,6.12,1.23,28,0.5
7.958,18.34,365.12,92,308.25,6.11,1.14,40,0.7
44.99,31.17,512.4,52,287.7,6.35,1.09,91,0.5
6.375,42.54,600.38,52,236.05,6.31,1.58,53,0.8
24.76,9.902,469.67,104,256.87,4.85,0.88,235,0.8
5.542,25.61,390.47,106,236.32,4.73,0.77,38,0.9
2.069,28.49,312.3,156,236.32,5.45,0.54,49,0.8
2.125,35.02,277.24,167,339.07,5.39,1.28,27,0.8
12.21,27.37,599.43,145,226.32,4.3,0.5,222,0.7
4.681,26.05,370.99,115,236.32,6.46,0.7,99,0.7
8.625,12.49,192.42,42,226.32,5.96,0.65,61,0.8
6.042,3.61,197.12,90,205.5,5.16,0.66,51,0.8
9.014,5.415,141.84,116,267.15,5,0.96,67,0.6
3.958,39.61,522.32,115,226.32,5.58,0.66,30,0.6
1.764,17.61,310.07,137,308.25,4.91,0.39,24,0.5
10.93,9.463,184.17,140,226.32,4.71,0.97,31,0.9
13.29,8,255.11,115,205.5,5.66,1.15,62,0.8
4.181,35.37,233.91,119,205.5,6.03,0.6,23,0.9
26.76,9.415,414.27,119,287.7,5.15,0.76,258,0.8
8.708,20.39,297.87,111,267.15,5.16,0.77,89,0.8
8.903,29.8,192.53,120,226.32,5.02,1,40,0.5
3.208,36.1,464.06,116,205.5,4.89,0.37,24,0.6
3.569,14.73,549.66,122,215.77,6.89,0.59,91,0.6
2.458,24.83,421.67,107,236.32,5.61,1.71,30,0.5
2.875,15.51,295.5,127,226.32,4.74,0.85,176,0.6
4.486,40.63,494.75,123,267.15,5.21,0.55,31,0.6
3.597,25.85,570.99,114,267.32,6.58,0.7,56,0.7
2.625,12,287.89,144,184.95,4.78,0.53,286,0.5
6.792,45.76,539.54,129,246.6,5.48,0.85,57,0.8
4.597,44.29,514.77,127,246.6,5.43,0.82,23,0.6
4.569,21.22,578.83,130,226.32,4.65,0.76,287,0.5
1.764,16.83,310.11,137,226.32,4.93,0.86,33,0.8
1.597,25.85,274.61,147,308.25,5.25,0.4,20,0.7
3.875,34.78,158.21,128,205.5,5.87,0.56,21,0.7
2.514,21.61,354.05,108,226.32,6.76,0.58,82,0.7
24.46,16.59,163.33,58,226.32,4.75,1.67,20,0.9
42.63,2.829,172.52,7,205.5,6.15,0.76,82,0.9
10.79,28.05,206.31,14,226.6,5.81,0.89,18,0.5
4.625,17.46,237.38,14,246.6,5.09,0.96,56,0.5
1.931,7.22,219.75,76,143.85,5.68,0.33,42,0.7
38.82,36.54,331.53,113,287.7,6.11,1.17,25,0.7
8.597,47.8,500.56,124,256.77,4.97,0.68,34,0.9
5.736,49.12,287.65,125,246.6,5.09,0.49,42,0.7
6.292,44.44,436,125,205.5,5,0.43,38,0.5
9.181,24.93,331.73,132,205.5,5.98,1.13,43,0.8
2.903,20.29,453.32,113,164.4,5.26,0.56,40,0.6
4.597,40.78,591.14,188,246.6,6.42,0.48,22,0.5
45.54,23.85,446.34,118,226.32,5.25,1.16,136,0.5
11.15,29.02,347.83,107,297.975,5.73,1.26,22,0.9
22.29,18.73,308.59,6,277.42,5.43,0.77,240,0.9
10.1,10.44,295.35,56,226.05,5.83,0.87,52,0.6
5.681,45.12,424.59,124,205.5,5.28,0.74,24,0.5
5.958,41.37,587.2,108,246.6,5.42,0.53,25,0.6
3.819,38.49,399.15,82,246.6,5.79,1.02,55,0.8
8.903,10.05,145.68,116,246.6,5.21,1.14,75,0.6
4.875,36.68,474.49,58,246.6,5.08,0.83,162,0.6
12.49,14.34,462.92,5,308.25,6.15,1.17,101,0.7
5.292,43.17,526.04,120,287.7,5.73,0.9,32,0.5
5.986,18.2,177.74,30,195.225,5.22,0.63,54,0.5
6.375,29.71,233.9,77,205.5,5.11,0.78,39,0.8
3.014,40.39,440.34,61,287.7,4.76,0.44,27,0.6
34.6,23.26,120.54,10,182.448,5.01,2.07,96,0.5
29.72,8.5,66.02,10,202.72,5.23,1.12,28,0.9
30.37,11.92,151.53,46,192.584,5.69,1.34,56,0.9
24.1,29.66,268.42,22,162.176,5.88,1.81,90,0.7
35.16,12.04,332.11,16,233.128,5.63,1.09,50,0.9
33.82,16.62,144.47,20,233.128,5.87,1.23,24,0.7
10.71,5.64,67.72,39,253.4,5.11,1.29,48,0.8
39.25,26.8,80.34,12,222.992,5.59,2.01,38,0.7
25.62,11.62,75.88,15,253.4,5.38,1.2,45,0.5
25.96,8.32,510.11,58,141.904,4.98,1.17,18,0.9
1.42,41.13,89.43,4,192.584,5.18,0.97,53,0.5
2.74,52.6,227.95,13,152.04,5.97,0.69,29,0.5
1.86,36.62,214.55,12,202.72,5.56,1.26,74,0.9
2.86,21.23,107.89,5,202.72,6.38,0.86,27,0.8
2.18,52.01,153.39,11,192.584,5.9,1.12,38,0.6
3.26,17.4,471.25,12,192.584,6.26,1.38,254,0.9
3.06,24.95,129.3,8,212.856,5.6,1.24,65,0.7
2.34,38.97,230.04,10,192.584,5.64,1.2,71,0.9
3.54,54.56,94.21,5,192.584,6.13,0.96,52,0.5
1.26,23.77,275.56,12,162.176,6.41,1.27,121,0.5
1.02,13.68,292.29,7,202.72,6.13,1.68,300,0.8
1.94,14.56,230.25,9,182.448,6.21,1.68,53,0.7
1.78,28.58,83.05,13,192.584,6.07,1.16,55,0.6
2.18,53.58,176.64,10,202.72,6.1,1.31,300,0.7
3.58,48.97,127.89,10,212.856,6.03,1.39,48,0.5
1.58,31.32,265.11,8,212.856,6.22,0.89,312,0.5
1.3,12.21,394.42,13,202.72,5.94,0.94,278,0.6
2.02,49.26,346.69,1,202.72,6.02,1.95,210,0.6
1.9,20.93,522.31,10,202.72,4.89,0.91,340,0.8
1.62,37.11,69.55,6,202.72,6.43,0.95,315,0.5
1.34,32.5,461.15,24,222.992,6.39,1.15,62,0.5
7.7,11.62,100.73,17,172.312,6.74,1.54,21,0.9
5.58,27.5,103.22,2,202.72,6.11,1.21,81,0.9
2.18,41.72,78.78,8,172.312,6.11,0.91,105,0.6
2.34,40.15,23.8,7,162.176,5.57,0.8,30,0.9
3.1,53.28,295.86,8,172.312,6.08,1.26,192,0.8
8.1,27.5,282.73,10,172.312,6.23,1.59,83,0.6
4.7,68.68,235.15,6,192.584,6.13,0.83,317,0.9
2.1,37.99,249.55,11,141.904,5.72,0.94,132,0.7
2.46,36.13,311.07,9,192.584,6.05,1.82,226,0.5
3.18,36.23,154.43,10,202.72,6.06,1.09,75,0.5
1.98,29.46,501.1,7,212.856,6.46,1.46,80,0.8
3.62,26.13,416.71,11,152.04,6.13,1.13,199,0.7
4.5,49.56,77.3,9,162.176,6.21,1.01,46,0.9
3.3,46.72,239.01,11,182.448,6.49,0.98,53,0.7
2.42,36.42,61.47,8,182.448,6.56,0.68,19,0.7
3.54,11.32,155.12,10,192.584,6.51,0.93,301,0.8
1.94,35.64,82.4,10,202.72,6.13,0.88,27,0.7
5.02,61.62,218.81,13,202.72,6.7,1.02,96,0.6
3.46,40.93,184.83,14,152.04,5.37,1.16,127,0.7
3.78,11.13,161.28,10,152.04,6.06,0.64,85,0.7
2.42,55.64,378.53,13,162.176,6.22,1.64,260,0.9
2.02,35.15,442.08,14,192.584,6.41,1.25,263,0.6
2.1,51.72,523.12,11,152.04,5.96,1.59,107,0.9
3.5,39.66,157.5,13,212.856,6.46,1.11,33,0.9
4.54,26.32,93.65,13,192.584,6.07,0.92,66,0.5
1.5,24.66,146.47,17,192.584,5.96,0.68,43,0.5
1.86,27.11,255.21,36,202.72,6.5,0.98,40,0.6
1.7,35.83,245.56,14,202.72,5.95,1.05,43,0.6
3.98,55.83,213.1,11,202.72,5.56,1.08,229,0.9
7.82,50.83,93.38,8,212.856,5.97,1.25,176,0.5
2.82,18.19,58.8,8,202.72,6.13,1.17,284,0.5
0.74,40.25,351.61,14,233.128,6.3,1.14,104,0.7
3.94,6.324,153.87,14,202.72,6.56,1,29,0.9
2.58,39.26,581.11,12,202.72,6.16,0.94,116,0.8
1.66,67.01,590.2,24,222.992,5.33,1.18,165,0.5
5.7,13.97,63.6,10,202.72,6.25,0.9,71,0.5
3.22,37.5,144.19,18,243.264,6.4,1.85,28,0.8
1.66,35.83,301.25,18,202.72,6.15,1.09,174,0.9
1.66,53.09,283.02,13,172.312,6.36,1.05,209,0.5
2.74,35.15,382.75,10,192.584,6.04,1.29,129,0.8
1.94,24.46,241.43,11,192.584,5.01,0.85,105,0.5
2.3,46.81,262.76,12,182.448,5.3,1.36,35,0.8
3.86,39.17,209.43,30,162.176,6.42,0.95,19,0.8
0.66,22.3,177.91,5,202.72,5.68,1.14,57,0.8
1.82,36.52,367.65,13,192.584,5.29,1.21,218,0.6
3.5,44.36,53.28,15,243.264,5.35,1.36,21,0.8
1.62,34.46,29.37,20,172.312,5.35,1.25,20,0.8
8.14,63.97,161.01,11,253.4,5.15,0.96,56,0.5
6.22,45.74,82.25,13,182.448,5.5,1.22,187,0.8
4.02,48.19,71.56,12,172.312,5.73,1.2,89,0.7
1.18,43.77,122.97,7,182.448,5.16,1.46,90,0.5
1.9,36.81,504.23,9,192.584,5.21,1.26,209,0.9
2.54,43.38,512.38,12,202.72,5.34,0.96,34,0.6
3.5,35.54,228.58,13,162.176,5.05,1.2,153,0.7
8.62,44.07,114.11,11,233.128,5.43,1.02,73,0.8
1.3,29.75,246.5,9,202.72,6.36,1.24,88,0.9
3.14,51.72,164.7,11,233.128,5.55,1.04,43,0.5
7.86,49.95,467.71,10,233.128,5.9,1.34,23,0.6
2.66,34.17,59.45,10,182.448,5.8,1.1,24,0.5
2.3,43.38,159.98,10,202.72,5.5,1.31,64,0.9
2.58,18.09,72.47,9,192.584,5.26,0.92,162,0.5
2.9,44.36,173.4,9,202.72,6.38,1.75,182,0.5
1.86,34.56,488.36,12,202.72,7.09,1.19,112,0.6
2.06,41.81,353.75,13,202.72,5.78,1,219,0.7
0.3,20.15,295.45,10,182.448,5.25,0.71,26,0.5
0.9,30.34,231.49,7,212.856,5.26,1.12,34,0.6
1.42,36.62,44.92,4,182.448,6,1.21,18,0.5
29.58,40.54,161.75,8,233.128,6.04,1.28,162,0.9
3.86,22.21,71.47,14,172.312,5.19,0.71,116,0.6
2.42,26.32,187.07,11,182.448,6.12,1.13,78,0.9
2.38,34.46,202.02,31,212.8,5.83,1.34,21,0.7
3.1,47.01,156.91,32,223.44,5.28,1.51,119,0.7
3.94,50.54,45.39,14,180.88,5.15,1.09,18,0.9
1.54,29.85,170.49,24,223.44,4.9,1.02,18,0.6
1.62,36.72,249.28,9,180.88,5.69,0.44,36,0.7
2.06,34.26,341.18,9,159.6,5.6,1.04,243,0.5
1.38,25.34,541.1,6,202.16,5.98,1.09,264,0.7
4.74,40.54,301.41,2,191.52,5.48,0.97,213,0.7
1.54,46.81,104.89,9,212.8,6.6,2.21,234,0.7
2.06,35.25,130.06,8,191.52,6.16,1.17,126,0.5
1.7,36.52,424.41,8,170.24,6,1.25,181,0.6
4.94,15.15,424.41,10,170.24,6.9,0.87,217,0.7
2.5,45.34,512.21,9,244.72,5.87,1.07,260,0.6
1.056,8.872,64.04,2,212.8,5.41,0.96,20,0.7
1.832,26.49,71.09,4,191.52,5.37,0.62,40,0.6
1.087,10.15,74.15,2,180.88,5.62,0.54,20,0.9
1.242,10.95,73.84,3,244.72,5.33,0.65,22,0.6
1.242,10.95,76.54,2,202.16,5.59,0.59,20,0.6
1.335,11.98,61.19,2,212.8,5.34,0.57,19,0.7
1.18,10.82,63.16,3,191.52,5.66,0.55,20,0.7
1.149,10.64,69.33,2,212.8,5.42,0.6,7,0.9
1.553,13.14,73.34,2,212.8,5.46,0.63,18,0.9
1.335,11.49,82.77,6,212.8,5.28,0.65,20,0.5
1.118,9.604,62.63,2,212.8,5.359,0.62,22,0.5
1.242,12.53,62.84,2,159.6,5.356,0.6,30,0.8
0.776,7.591,56.16,2,170.24,5.53,0.52,20,0.6
1.149,9.482,62.65,3,212.8,5.42,0.68,25,0.9
1.398,13.02,62.19,8,212.8,5.42,0.7,22,0.9
1.211,12.1,60.12,2,180.88,5.48,0.62,30,0.6
1.149,14.05,62.64,4,191.52,5.52,0.08,18,0.9
1.149,11.8,62.18,2,234.08,5.05,0.56,28,0.8
1.087,11.8,59.58,3,266,5.16,0.74,22,0.7
1.273,10.52,63.77,2,202.16,5.16,0.76,96,0.6
0.901,9.543,65.04,4,212.8,5.04,0.69,31,0.9
1.025,10.76,58.87,2,223.44,5.3,0.72,7,0.7
0.932,10.15,57.6,5,255.36,5.25,0.7,28,0.5
1.211,14.18,62.75,12,191.52,5.14,0.63,18,0.9
1.335,11.68,59.04,3,234.08,5.08,0.63,21,0.9
1.335,10.09,60.73,2,212.8,5.31,0.58,17,0.9
1.522,10.95,63.17,2,234.08,5.05,0.54,28,0.6
1.398,10.95,77.97,3,148.96,5.07,0.54,22,0.5
1.087,10.09,69.81,2,202.16,5.05,0.63,16,0.9
1.304,12.59,71.63,8,180.88,5.06,0.56,19,0.8
1.118,9.787,69.4,2,212.8,5.08,1.05,23,0.7
1.335,15.88,60.78,5,244.72,5.22,0.76,27,0.7
1.273,10.88,60.48,3,170.24,5.38,0.77,18,0.6
1.46,14.97,83.75,3,191.52,5.04,0.46,36,0.6
1.118,9.604,71.5,5,212.8,5.07,0.58,17,0.6
1.273,10.58,69.94,9,234.08,5.02,0.54,26,0.8
1.211,11.31,60.6,3,223.44,5,0.63,33,0.6
1.149,10.64,61.69,4,212.8,5.29,0.62,28,0.5
1.429,18.08,70.01,8,191.52,5.18,0.58,29,0.6
1.087,10.09,65.04,4,212.8,5.31,0.59,36,0.9
1.491,9.848,57.03,3,234.08,5.18,0.55,23,0.5
0.994,9.604,53.88,3,170.24,5.3,0.57,26,0.7
1.056,10.15,52.43,6,170.24,5.28,0.53,16,0.8
1.211,10.34,55.37,4,191.52,5.29,0.58,22,0.7
1.056,9.36,54.9,7,212.8,5.32,0.67,32,0.8
0.932,9.97,57.05,5,191.52,5.27,0.65,18,0.9
1.087,8.567,58.41,7,180.88,5.25,0.58,19,0.9
1.335,10.82,48.32,6,212.8,5.21,0.49,17,0.6
1.025,7.835,54.28,5,170.24,5.35,0.66,22,0.9
1.304,10.46,55.35,4,180.88,5.29,0.46,20,0.6
1.335,11.43,59.59,26,180.88,5.26,0.74,19,0.6
0.13,2.957,59.83,6,191.52,5.11,0.68,24,0.6
0.807,7.835,60.77,7,180.88,5.06,0.66,18,0.9
1.304,10.82,61.19,6,180.88,5.35,0.48,27,0.7
1.087,12.04,55.37,7,180.88,5.19,0.67,20,0.8
1.335,11.43,67.8,8,202.16,5.45,0.54,21,0.8
1.398,2.165,66.25,9,191.52,5.28,0.55,19,0.8
1.211,11.13,64.16,7,191.52,5.28,0.62,20,0.7
1.273,10.7,67.52,6,212.8,5.44,0.67,18,0.9
1.211,11.8,70.77,7,212.8,5.53,0.72,18,0.5
1.025,8.079,76.85,9,202.16,5.25,0.58,35,0.9
1.05,7.06,67.43,8,212.8,5.24,0.72,34,0.7
0.95,10.25,57.39,8,202.16,5.38,1.21,16,0.5
0.68,9.26,50.57,7,212.8,5.17,1.05,18,0.8
0.53,1.6,54.15,8,212.8,5.34,0.46,14,0.8
0.236,2.06,56.66,8,212.8,5.04,1.26,19,0.7
1.087,10.76,54.53,7,106.4,5.29,0.48,15,0.8
1.487,5.962,51.4,9,255.36,5.17,0.95,17,0.7
1.41,5.625,49,8,159.6,5.13,0.55,15,0.6
1.385,5.817,53.07,7,159.6,5.19,0.68,21,0.8
1.103,5.24,49.55,8,170.24,5.18,0.56,20,0.5
1.41,6.923,54.88,7,180.88,5.26,0.57,28,0.6
1.308,4.856,53.92,8,212.8,5.04,0.66,19,0.7
1.308,4.76,51.83,10,180.88,5.27,0.65,17,0.5
2.282,22.88,186.9,10,297.92,4.56,0.64,212,0.7
2.179,25.05,183.04,12,308.56,4.54,2.01,195,0.9
1.051,7.115,59.62,11,223.44,5.3,1.84,11,0.8
2.205,24.81,178.08,10,319.2,5.08,2.08,259,0.8
2.564,25.24,186.83,11,297.92,4.74,2.01,238,0.8
2.59,24.66,186.67,10,319.2,4.64,2.15,242,0.7
2.179,23.22,166.44,11,319.2,4.75,1.9,254,0.8
1.462,7.308,54.14,13,159.6,5.51,0.53,256,0.5
1.667,5.817,52.87,10,191.52,5.25,0.57,110,0.7
2.692,24.09,183.24,11,266,5.25,2.05,26,0.5
2.179,26.49,183.14,12,319.2,4.64,1.96,230,0.5
2.436,24.52,171.71,11,319.2,4.67,1.87,246,0.5
1.385,7.644,55.61,9,191.52,5.62,0.51,20,0.8
2.128,20.43,62.32,6,159.6,5.32,0.5,12,0.8
2.051,20.77,65.52,7,170.24,5.23,0.6,24,0.7
1.923,22.12,58.7,8,159.6,5.26,0.65,21,0.6
2.282,20.34,58.98,10,191.52,5.45,0.64,21,0.8
1.564,4.904,193.09,13,287.28,5.44,2.03,210,0.8
1.308,5.673,183.78,14,319.2,4.62,2.17,198,0.9
2.179,29.9,209.46,12,266,4.52,2.12,218,0.7
2.077,28.75,55.12,12,191.52,4.7,0.62,20,0.6
2.128,29.33,53.88,3,191.52,5.28,0.61,214,0.8
1.282,6.683,54.29,12,212.8,5.09,0.58,19,0.5
2.333,29.28,222.06,10,266,5.1,2.02,235,0.6
1.974,25.1,216.28,17,244.72,4.71,2.02,242,0.6
2.179,28.37,200.05,15,287.28,4.71,1.93,238,0.8
1.821,16.15,112.51,16,223.44,4.9,1.13,247,0.8
1.872,26.44,212.91,14,276.64,4.69,1.96,253,0.8
1.846,28.56,204.29,16,297.92,4.7,2.16,257,0.8
2.128,28.46,193.58,14,308.56,4.59,2.1,242,0.7
2.205,30,202.64,10,297.92,4.71,2.13,253,0.5
2.179,30.67,203.9,11,319.2,4.6,1.87,261,0.8
2.333,28.56,216.61,10,329.84,4.63,2.16,239,0.6
1.538,8.365,54.74,2,191.52,5.05,0.55,55,0.8
2.359,29.47,215.08,4,287.28,4.63,0.56,211,0.8
2.462,31.11,230.46,3,223.44,4.63,0.5,119,0.6
2.026,25.82,241.94,5,297.92,4.7,0.47,221,0.5
2.564,30.38,209.86,5,266,4.69,0.53,235,0.5
2.154,30.14,235.35,2,372.4,4.72,0.48,253,0.5
2.051,27.69,224.92,9,297.92,4.65,0.49,265,0.8
2.026,27.31,208.95,8,319.2,4.73,0.47,256,0.9
2.256,29.28,210.4,8,266,4.65,0.48,238,0.6
2.256,30.77,188.16,30,276.64,4.54,0.45,256,0.9
1.821,27.74,197.68,6,297.92,4.71,0.41,250,0.7
2.205,29.23,177.58,3,266,4.7,0.5,281,0.7
3,33.46,193.76,3,223.44,4.68,0.49,273,0.6
2.487,30.58,198.4,5,319.2,4.74,0.54,251,0.7
2.103,27.5,207.09,2,319.2,4.69,0.54,236,0.9
1.872,25.43,185,2,340.48,4.7,0.5,260,0.8
2.205,27.88,182.11,9,319.2,4.72,0.45,262,0.7
2.128,28.85,182,7,329.84,4.61,0.54,244,0.9
1.641,19.9,137.06,5,223.44,4.68,0.5,262,0.9
1.821,16.3,112.45,7,266,4.85,0.46,160,0.5
1.385,7.452,47.51,2,159.6,5.23,0.56,26,0.6
1.128,10.29,59,2,202.16,5.16,0.47,24,0.5
1.026,5.625,47.7,2,180.88,5.34,0.51,18,0.7
1.231,9.856,57.16,2,180.88,5.33,0.47,42,0.6
1.256,7.067,48.25,2,234.08,5.31,0.62,21,0.9
1.026,4.519,58.85,4,191.52,5.1,0.57,22,0.5
1.128,5.481,34.57,4,180.88,5.32,0.48,20,0.6
1.154,7.692,58.84,3,191.52,5.19,0.51,33,0.5
1.564,8.75,59.94,2,202.16,5.14,0.47,29,0.9
1.154,7.067,52.63,2,234.08,5.25,0.57,33,0.5
1.077,4.952,42.57,2,212.8,5.02,0.48,15,0.7
1.103,4.808,45.41,2,159.6,4.9,1.85,30,0.6
0.949,5.433,49.43,3,297.92,5.08,1.24,30,0.7
0.795,5.577,46.5,2,212.8,5.22,1.71,40,0.5
1.154,4.904,42.2,2,159.6,5.01,1.96,23,0.9
1.487,6.538,46.51,2,159.6,4.97,1.85,17,0.5
1.128,5.288,49.7,2,180.88,5.18,1.9,26,0.7
0.949,4.519,51.79,5,212.8,4.95,1.8,46,0.5
1.154,5.433,43.91,2,191.52,5.2,1.75,24,0.9
1.128,4.808,54.28,3,159.6,5.06,2.02,23,0.8
0.949,5.192,50.33,2,212.8,5.09,0.76,15,0.8
0.923,4.856,51.83,2,170.24,5.25,1.82,20,0.5
1.103,6.154,49.67,13,212.8,5.17,1.77,20,0.9
0.974,5.096,56.73,12,202.16,5.04,1.83,19,0.6
1.462,5.481,53.14,5,212.8,5.28,1.72,22,0.6
0.872,5.433,55.09,3,191.52,5.32,1.91,21,0.6
1.128,6.442,52.34,3,244.72,5.2,1.82,23,0.7
1.026,5.385,54.42,2,223.44,5.14,1.71,13,0.5
0.897,5.192,53.48,3,212.8,5,1.65,16,0.9
0.974,5.096,59.77,3,191.52,5.21,1.25,21,0.5
1.231,7.212,66.15,4,212.8,5.18,0.57,44,0.7
1.128,6.154,55.47,4,159.6,5.38,0.49,27,0.8
0.974,5.913,60.58,3,212.8,5.6,0.55,30,0.9
1.308,5.673,62.21,4,212.8,5.26,0.61,22,0.7
1.462,6.298,75.82,5,159.6,5.1,0.73,26,0.7
1.282,7.212,63.26,23,234.08,5.26,0.65,19,0.6
1.128,6.49,59.1,3,212.8,5.3,0.58,26,0.7
1.026,6.058,59.6,4,223.44,5,0.46,19,0.5
0.949,6.202,61.79,2,266,5.04,0.45,19,0.6
0.872,5.048,51.98,2,212.8,5.23,0.49,22,0.7
1,5.913,67.54,4,255.36,5.1,0.53,19,0.8
1.103,5.288,53.23,2,212.8,5.05,0.51,24,0.5
1.41,6.202,60.35,3,212.8,5.15,0.54,27,0.7
1.051,5.385,56.48,8,212.8,5.04,0.5,23,0.9
0.923,6.202,60.9,2,234.08,5.1,0.47,22,0.8
1.359,6.154,52.55,5,212.8,5.3,0.46,21,0.8
1.128,5.962,65.8,2,191.52,5.12,0.45,26,0.9
1.256,6.49,58.61,3,191.52,5,0.53,27,0.9
1.154,6.587,64.77,5,255.36,5.14,0.44,22,0.9
1.436,6.058,66.07,5,212.8,5.01,0.58,22,0.8
1.282,7.548,64.36,3,191.52,5.17,0.61,18,0.6
1.385,6.827,61.12,15,212.8,5.1,0.52,24,0.5
0.949,6.346,60.98,5,212.8,5.02,0.58,20,0.8
1.077,6.779,55.66,20,255.36,5.4,0.55,21,0.8
1.026,5.769,53.37,5,266,5.11,0.54,25,0.7
1.128,22.94,94.57,6,191.52,5.01,1.34,26,0.8
0.724,19.74,91.8,4,319.2,5.04,1.4,27,0.7
0.843,21.7,90.78,9,276.64,5.25,1.43,23,0.7
0.653,23.76,100.7,4,297.92,5.11,1.3,24,0.6
0.653,21.6,97.01,6,276.64,5.01,1.28,22,0.6
0.629,20.93,87.21,4,297.92,5.13,1.37,20,0.5
0.653,20.1,47.74,3,297.92,5.15,1.51,20,0.8
0.606,21.39,59.39,12,266,5.22,1.49,19,0.8
0.867,23.92,57.44,4,276.64,5.28,1.43,19,0.7
0.772,22.16,97.05,5,297.92,5.1,1.55,22,0.9
1.722,29.38,113.18,7,287.28,5.18,1.47,23,0.6
0.701,21.39,500.11,9,212.8,5.09,1.45,24,0.9
0.724,20.52,90.73,19,234.08,5.11,1.47,25,0.9
1.2,26.65,98.01,4,297.92,5.3,1.35,24,0.6
0.819,26.75,94.73,5,319.2,5.08,1.38,23,0.5
0.819,21.7,79.44,5,180.88,4.95,1.37,15,0.5
1.817,12.84,341.05,6,234.08,6.89,0.5,24,0.9
1.437,13.71,438.22,6,180.88,7.05,0.52,31,0.7
1.58,12.01,340.18,9,170.24,7.16,0.6,29,0.6
1.247,10.41,310.42,10,138.32,7.25,0.46,27,0.7
1.176,15.41,352.39,10,212.8,7.16,0.53,27,0.5
1.295,10.93,325.26,10,159.6,7.28,0.44,23,0.7
1.318,13.25,348.52,7,170.24,7.6,0.39,24,0.7
1.247,11.8,404.92,17,148.96,7.41,0.5,25,0.5
1.318,13.92,330.59,8,170.24,7.55,0.43,29,0.8
1.2,11.13,265.11,11,234.08,7.7,0.8,47,0.7
1.295,11.29,309.05,15,191.52,7.68,0.36,25,0.7
1.627,11.8,356.62,20,191.52,7.47,0.51,25,0.9
1.057,10.52,255.18,15,191.52,7.64,0.61,118,0.7
1.176,11.34,280.04,13,180.88,7.74,0.58,43,0.5
1.651,13.4,355.49,15,191.52,7.7,0.92,70,0.7
2.197,12.27,374.5,12,159.6,7.89,0.75,44,0.6
1.508,12.16,330.91,24,202.16,7.81,0.94,77,0.5
1.295,8.041,292.11,23,180.88,7.95,0.69,32,0.8
1.057,20.52,357.79,17,212.8,7.08,0.69,53,0.5
1.461,10.88,346,15,191.52,7.88,0.89,49,0.7
1.508,11.24,332.77,13,180.88,7.74,0.8,61,0.7
1.508,8.351,289.7,23,159.6,7.75,0.67,30,0.5
1.176,16.13,326.73,14,180.88,7.42,0.66,48,0.5
1.247,19.18,321.94,13,138.32,7.1,0.42,46,0.8
1.508,12.78,324.06,17,180.88,7.7,0.83,67,0.5
0.938,17.37,318.62,14,138.32,7.26,0.57,49,0.7
1.176,19.95,284.11,20,159.6,7.22,0.53,47,0.5
1.413,10.88,398.26,14,180.88,7.71,0.62,45,0.5
0.986,12.78,286.95,16,159.6,7.8,0.65,32,0.8
1.152,13.04,401.09,6,117.04,7.85,0.98,69,0.9
0.606,10.98,304.74,7,138.32,7.87,0.45,46,0.6
1.793,27.01,348.72,10,170.24,7.33,0.7,55,0.8
1.841,13.66,451.13,11,180.88,7.85,0.8,40,0.6
1.033,18.3,401.67,17,191.52,7.51,0.76,49,0.5
1.2,19.95,353.99,16,170.24,7.28,0.64,47,0.6
1.746,9.742,350.56,12,180.88,8.02,0.71,34,0.6
0.962,18.2,439.11,14,159.6,7.64,0.84,47,0.9
0.914,20.15,402.45,12,159.6,7.55,0.86,47,0.9
0.938,12.63,296.37,12,170.24,7.88,0.44,26,0.5
1.081,22.11,438.52,13,191.52,7.46,0.74,26,0.5
1.437,23.04,362.65,14,148.96,7.48,0.76,33,0.6
1.603,26.29,382.39,13,159.6,7.5,0.65,27,0.6
1.223,15.67,357.95,14,159.6,7.64,0.43,22,0.6
1.01,19.9,295.12,12,159.6,7.5,0.64,24,0.6
1.081,17.73,295.11,12,170.24,7.44,0.6,36,0.5
1.77,17.27,361.99,15,177.82,7.6,0.62,131,0.6
1.057,17.78,274.73,14,167.36,7.51,0.72,37,0.5
0.938,16.96,295.34,13,188.28,7.53,0.7,36,0.9
1.2,25.67,390.46,12,198.74,7.49,0.64,28,0.6
1.081,22.42,310.88,12,167.36,7.18,0.55,43,0.6
1.722,18.81,292.9,19,209.2,7.52,0.77,107,0.9
1.105,19.02,320.21,17,188.28,7.42,0.48,46,0.7
1.057,20.15,289.6,15,167.36,7.21,0.57,44,0.5
0.629,9.588,278.22,13,156.9,7.95,0.59,27,0.8
1.01,20.52,316.12,16,177.82,7.4,0.46,155,0.8
1.746,10.82,317.74,17,156.9,7.9,0.56,27,0.8
1.152,22.58,309.05,15,209.2,7.5,0.6,48,0.5
1.841,17.01,594.76,16,156.9,7.78,1.38,85,0.7
1.105,12.94,289.71,15,125.52,7.86,0.51,24,0.5
1.997,34.85,304.25,20,156.9,6.6,0.38,47,0.7
1.827,25.36,292.16,17,146.44,7.25,0.38,25,0.8
2.195,22.99,294.11,20,167.36,7.34,0.36,71,0.6
1.912,34.64,335.68,19,146.44,7.36,0.75,28,0.6
2.224,34.64,362.15,22,177.82,7.2,0.63,29,0.6
2.224,30.31,346.71,19,188.28,7.36,0.49,23,0.5
2.564,28.25,274.29,22,167.36,7.7,0.56,45,0.6
1.799,26.08,455.37,20,188.28,7.73,0.54,43,0.9
2.224,35.26,283.57,23,188.28,7.19,0.43,32,0.5
2.054,20.82,292.16,23,198.74,7.51,0.3,23,0.9
1.856,40.21,379.06,19,188.28,7.32,0.41,24,0.6
2.11,34.64,302.84,21,177.82,7.31,0.53,21,0.8
2.054,40,268.79,20,156.9,7.32,0.72,17,0.9
2.082,38.66,229.29,20,135.98,7.2,0.47,16,0.9
2.054,41.44,382.64,24,125.52,7.18,0.6,27,0.5
1.771,44.33,384.99,22,115.06,7.24,0.43,26,0.7
1.714,38.35,386.17,22,177.82,7.3,0.55,25,0.7
2.025,37.42,425.9,21,146.44,7.29,0.56,28,0.8
2.025,22.99,360.28,24,167.36,7.66,0.37,19,0.6
1.856,20.31,341.74,26,125.52,7.61,0.29,22,0.7
1.941,33.81,251.34,22,146.44,7.34,0.42,15,0.5
2.139,35.26,294.2,25,167.36,7.42,0.61,30,0.9
1.572,35.26,372.69,25,198.74,739,0.6,31,0.9
1.771,35.57,249.55,28,177.82,7.4,0.46,32,0.8
2.025,24.23,280.68,28,167.36,7.51,0.52,103,0.6
2.649,43.61,263.51,21,167.36,7.25,0.45,18,0.6
1.969,36.6,309.06,22,209.2,7.32,0.58,26,0.6
1.742,38.56,388.63,24,146.44,7.31,0.57,25,0.9
1.856,36.29,289.18,24,177.82,7.42,0.67,30,0.7
1.827,30.72,278.06,20,156.9,7.39,0.48,23,0.8
1.402,30.21,323.41,21,146.44,7.25,0.38,33,0.5
1.516,30.41,373.28,21,125.52,7.38,0.49,23,0.8
2.025,20,318.07,20,188.28,7.66,0.34,21,0.7
2.734,29.48,428.46,22,209.2,7.75,0.64,33,0.7
1.912,24.95,399.93,24,146.44,7.84,0.34,22,0.6
1.912,25.57,417.39,21,167.36,7.72,0.36,18,0.6
2.28,27.84,418.67,21,156.9,7.51,0.47,23,0.6
2.195,43.09,354.3,21,167.36,7.15,0.66,20,0.9
1.459,31.34,343.42,23,188.28,7.12,0.41,43,0.9
1.686,29.69,382.56,29,188.28,7.67,0.58,21,0.7
1.629,28.97,420.54,24,167.36,7.65,0.53,19,0.8
1.714,27.11,223.95,24,209.2,7.81,0.52,69,0.7
1.941,25.15,364.09,83,188.28,7.37,0.54,62,0.9
1.629,34.54,366.43,27,167.36,7.7,0.49,44,0.6
1.969,35.77,369.39,24,167.36,7.56,0.27,36,0.5
2.309,26.29,286.04,23,125.52,7.68,0.31,46,0.6
2.535,26.49,265.36,26,125.52,7.63,0.44,41,0.9
1.374,25.05,227.69,25,125.52,7.9,0.43,28,0.5
1.742,24.02,206.78,24,156.9,8.04,0.48,36,0.7
2.025,22.47,405.68,28,167.36,7.71,0.41,25,0.6
2.337,41.86,510.22,25,188.28,7.74,1.11,75,0.6
2.139,28.45,397.58,24,177.82,7.85,0.78,61,0.5
1.969,26.8,345.02,24,167.36,7.9,0.36,22,0.5
2.365,28.56,271.38,27,167.36,7.51,0.59,110,0.5
2.337,24.12,312.71,26,156.9,7.7,0.33,28,0.5
1.572,28.45,201.07,27,156.9,7.97,0.43,30,0.8
2.337,24.12,420.4,24,167.36,7.63,0.37,23,0.5
1.459,26.49,186.72,31,156.9,7.95,0.74,23,0.9
2.139,25.67,251.11,31,177.82,7.8,0.47,43,0.5
1.006,25.98,344.94,27,156.9,7.51,0.52,46,0.5
1.459,24.95,351.48,26,177.82,7.77,0.34,24,0.5
1.686,26.39,364.19,27,167.36,7.7,0.32,30,0.6
2.62,35.77,444.22,26,146.44,7.18,0.62,34,0.6
2.025,37.01,470.92,32,188.28,7.54,0.66,25,0.8
1.459,26.08,326.76,25,146.44,7.89,0.39,31,0.5
2.28,22.99,405.21,32,156.9,7.67,0.34,20,0.9
2.309,28.76,349.87,31,167.36,7.6,0.53,128,0.8
1.629,24.23,275.11,30,135.98,8.05,0.52,88,0.9
2.904,28.14,292.01,28,156.9,7.75,0.44,43,0.8
1.912,24.23,465.67,24,156.9,7.61,0.47,37,0.8
1.374,40.62,381.59,23,135.98,7.98,0.32,36,0.8
1.827,25.77,460.6,25,167.36,7.71,0.44,28,0.9
2.139,27.22,475.81,24,188.28,7.64,0.49,24,0.8
2.337,24.64,442.88,26,177.82,7.67,0.42,34,0.7
2.28,29.9,440.31,26,156.9,7.68,0.63,22,0.6
1.686,22.68,434.57,28,167.36,7.72,0.65,25,0.8
1.516,19.69,221.45,69,167.36,7.85,0.42,15,0.8
2.507,34.85,270.99,30,156.9,7.91,0.45,31,0.9
2.422,37.32,310.55,29,177.82,7.56,0.57,59,0.6
1.601,26.91,235.66,27,167.36,7.92,0.68,88,0.6
2.762,32.89,244.03,25,209.2,7.43,0.55,36,0.9
1.884,23.51,205.8,27,177.82,8.07,0.52,30,0.8
2.025,25.88,230.76,28,209.2,8.05,0.47,37,0.7
1.827,31.34,449.67,30,188.28,7.73,0.55,24,0.8
1.431,24.02,302.46,21,167.36,8.04,0.42,49,0.6
2.309,25.88,310.87,24,198.74,7.84,0.37,38,0.5
1.374,24.95,236.08,26,209.2,8.02,0.5,26,0.6
1.657,35.36,430.18,23,219.66,7.72,0.53,29,0.5
1.572,21.13,224.73,30,188.28,7.76,0.5,23,0.6
1.686,32.16,376.2,28,209.2,7.78,0.54,26,0.7
3.102,41.65,337.42,24,146.44,7.3,0.38,27,0.8
2.252,40.41,328.52,15,115.06,7.41,0.44,32,0.9
2.309,35.57,356.19,17,209.2,7.12,0.43,35,0.5
2.139,34.33,361.26,5,209.2,7.3,0.5,35,0.9
2.365,34.54,449.37,5,156.9,7.78,0.62,37,0.8
2.309,33.61,319.24,6,209.2,7.24,0.54,61,0.6
2.535,65.57,307.12,15,188.28,7.14,0.52,42,0.9
2.875,58.56,350.38,23,230.12,7.11,0.51,35,0.6
2.252,37.42,353.1,11,104.6,7.12,0.39,27,0.5
2.422,36.91,359.31,10,156.9,7.1,0.37,40,0.5
2.535,39.18,362.24,17,188.28,7.4,0.45,31,0.9
3.3,45.46,349.53,90,209.2,7.1,0.54,34,0.5
2.932,54.64,326.64,77,188.28,7.05,0.49,36,0.7
4.065,53.61,349.99,77,198.74,7.08,0.52,30,0.5
3.102,44.74,328.69,16,177.82,7.01,0.47,3,0.8
2.365,37.32,326.29,10,209.2,7.43,0.65,33,0.7
2.365,39.18,384.76,18,198.74,7.35,0.53,37,0.8
2.932,42.58,342.73,21,156.9,7.43,0.6,32,0.9
2.11,37.11,341.23,9,188.28,7.45,0.46,37,0.8
1.912,36.39,375.86,10,177.82,7.87,0.41,17,0.7
1.742,23.61,425.3,15,188.28,7.6,0.51,117,0.8
1.091,19.18,382.86,23,146.44,7.92,0.32,30,0.7
2.025,23.92,379.94,11,198.74,7.93,0.27,34,0.5
1.771,23.4,382.03,8,177.82,7.9,0.29,20,0.6
2.167,37.53,512.23,3,188.28,7.84,0.51,15,0.5
1.374,18.35,247.22,62,156.9,7.9,0.36,14,0.8
1.544,22.16,232.92,7,209.2,8.1,0.65,24,0.9
2.309,20.21,359.97,3,198.74,8.05,0.41,22,0.7
1.317,21.86,274.77,6,188.28,8.09,0.51,83,0.9
1.572,35.46,388.43,8,188.28,7.72,0.4,51,0.6
1.809,25.2,342.4,4,188.28,7.08,0.35,62,0.6
1.778,18.13,225.35,6,209.2,7.8,0.27,56,0.8
1.109,19.8,412.4,5,240.58,7.53,0.33,46,0.6
1.261,15.15,353.47,8,167.36,7.7,0.34,45,0.9
1.261,17.42,359.92,6,156.9,7.65,0.32,38,0.8
1.018,14.39,286.19,5,188.28,7.72,0.52,31,0.5
1.505,13.13,336.39,89,209.2,7.71,0.3,34,0.8
0.866,10.56,321.83,8,230.12,7.73,0.28,37,0.8
1.231,13.13,251.59,10,198.74,7.86,0.44,90,0.9
1.353,20.3,382.14,9,219.66,7.62,0.54,56,0.5
1.657,20.56,402.64,12,177.82,7.65,0.45,33,0.9
0.775,13.64,313.71,8,188.28,7.96,0.46,51,0.8
1.96,27.42,408.3,8,198.74,7.62,0.3,49,0.5
1.292,14.24,249.23,3,156.9,7.67,0.43,36,0.6
1.413,14.9,316.45,6,209.2,7.84,0.54,81,0.7
1.657,9.798,337.84,8,219.66,7.94,0.5,31,0.9
1.292,13.08,314.81,8,146.44,8.01,0.38,35,0.8
1.505,18.13,371.77,12,167.36,7.9,0.31,35,0.5
0.897,12.32,354.46,9,198.74,7.94,0.5,160,0.5
1.322,13.43,432.99,7,177.82,7.9,0.29,50,0.7
1.839,17.07,310.28,5,198.74,7.82,0.32,53,0.6
1.626,10.61,350.6,28,209.2,7.97,0.49,39,0.9
1.383,15.15,380.49,17,167.36,7.84,0.53,54,0.9
1.17,22.02,349.1,12,198.74,7.56,0.39,41,0.5
1.565,20.05,363.26,17,240.58,7.78,0.39,116,0.8
0.927,24.95,338.58,14,188.28,7.4,0.29,70,0.5
0.897,13.89,275.13,11,188.28,7.04,0.4,46,0.5
1.322,18.23,388.91,10,177.82,7.9,0.42,35,0.7
1.353,16.67,403.87,12,167.36,7.79,0.32,28,0.9
1.261,18.43,458.25,6,209.2,7.63,0.44,48,0.7
1.778,16.41,347.73,4,177.82,7.86,0.34,13,0.8
1.413,24.6,335.54,4,167.36,7.95,0.24,7,0.5
1.839,28.43,441.79,10,209.2,7.65,0.55,45,0.6
1.353,27.47,398.94,13,188.28,7.54,0.45,36,0.9
0.927,14.29,432.99,5,156.9,7.55,0.63,30,0.6
0.775,18.94,430.67,10,198.74,7.59,0.64,160,0.9
1.444,15.2,319.08,4,209.2,7.82,0.41,40,0.8
0.988,17.83,303.46,7,219.66,7.67,0.39,34,0.6
1.109,15.91,380.83,8,209.2,7.49,0.39,131,0.8
0.775,13.03,346.58,8,188.28,7.98,0.38,30,0.8
1.717,24.85,334.89,5,315.189,7.96,0.41,38,0.9
0.775,12.47,347.12,15,198.74,7.5,0.31,44,0.6
1.231,15.15,284.58,8,177.82,7.23,0.31,46,0.9
1.231,23.43,351.69,10,167.36,7.75,0.39,8,0.8
1.474,16.11,208,54,167.36,7.86,0.35,30,0.9
1.444,14.49,391.44,8,177.82,7.92,0.52,140,0.6
1.839,21.11,420,7,188.28,7.69,0.65,122,0.5
1.109,13.89,263.71,7,209.2,8.01,0.51,27,0.8
1.991,29.04,292.79,4,198.74,7.19,0.51,18,0.8
1.748,21.06,344.78,3,198.74,7.82,0.4,142,0.5
1.14,21.26,389.45,5,230.12,7.63,0.57,27,0.8
1.535,22.73,304.11,7,156.9,7.93,0.45,44,0.9
1.261,14.24,314.37,6,209.2,7.94,0.28,42,0.6
1.322,18.84,296.79,6,188.28,7.94,0.48,27,0.5
1.383,24.44,405.9,14,188.28,7.35,0.8,26,0.6
1.353,30.3,385.58,7,209.2,7.7,0.65,87,0.8
1.535,29.55,352.46,11,230.12,7.74,0.69,101,0.6
1.687,18.84,353.36,7,209.2,7.76,0.56,101,0.6
1.444,25.05,281.75,6,198.74,7.79,0.38,26,0.9
1.353,30.71,312.49,13,188.28,7.66,0.51,89,0.9
1.292,16.82,337.34,5,188.28,7.84,0.3,48,0.8
1.018,12.47,355.4,16,188.28,7.7,0.41,17,0.9
1.109,23.79,352.49,18,209.2,7.44,0.4,23,0.8
1.14,25.76,443.2,7,209.2,7.61,0.39,18,0.7
0.988,16.21,274.9,7,177.82,8.09,0.42,14,0.9
1.869,19.55,365.39,7,209.2,7.72,0.42,67,0.7
1.292,17.98,273.58,11,188.28,8.02,0.32,11,0.9
1.049,21.52,294.11,43,219.66,8.01,0.33,32,0.8
1.535,14.55,33.28,13,156.9,8.02,0.26,15,0.8
1.535,9.646,279.42,5,167.36,8.07,0.4,21,0.5
1.474,10.4,382.56,9,177.82,7.62,0.63,106,0.6
1.14,22.27,191.07,6,167.36,8.04,0.43,50,0.7
1.444,26.92,321.33,11,167.36,7.89,0.31,21,0.7
1.474,14.6,421.04,11,167.36,7.71,0.52,22,0.6
0.988,11.41,321.74,28,156.9,7.86,0.38,15,0.7
1.413,15.86,401.26,88,146.44,7.4,0.7,60,0.5
2.021,20.3,382.29,18,209.2,7.68,0.5,117,0.6
0.988,12.68,307.8,7,146.44,8.06,0.27,27,0.7
1.413,25.76,368.73,30,177.82,7.29,0.57,31,0.8
1.626,11.01,313.77,12,156.9,7.6,0.38,91,0.5
1.839,18.18,264.95,13,188.28,7.81,0.3,49,0.5
1.231,16.06,357.57,13,177.82,7.13,0.4,41,0.7
1.109,16.92,265.54,16,177.82,8.06,0.32,61,0.5
1.079,16.62,185.33,13,188.28,7.89,0.38,35,0.8
1.809,27.42,278.72,14,177.82,7.68,0.29,27,0.5
1.413,20.05,380.08,12,177.82,7.56,0.42,15,0.7
1.809,22.53,376.63,13,240.58,7.6,0.46,19,0.7
1.869,22.12,361.92,8,209.2,7.55,0.34,140,0.7
1.93,18.64,319.48,18,177.82,7.72,0.43,21,0.6
1.748,20.81,371.24,16,198.74,7.53,0.4,18,0.7
1.353,15.91,392.38,7,219.66,7.78,0.31,13,0.6
1.261,24.7,350.32,12,167.36,7.59,0.5,11,0.7
1.261,31.57,507.72,12,209.2,7.52,0.48,24,0.6
1.474,29.39,302.19,9,198.74,7.2,0.34,26,0.6
1.231,31.01,481.18,13,167.36,7.63,0.48,18,0.9
1.505,32.68,410.03,12,177.82,7.67,0.49,16,0.9
1.201,24.24,308.18,11,177.82,7.75,0.31,14,0.8
1.93,27.32,448.14,4,167.36,7.38,0.46,12,0.5
1.565,28.13,304.54,7,198.74,7.05,0.35,23,0.7
1.778,20.45,407.08,8,209.2,7.82,0.28,13,0.8
1.778,18.54,444.54,5,198.74,7.55,0.29,15,0.8
1.505,29.29,305.4,6,198.74,7.12,0.31,16,0.8
1.991,22.27,401.08,10,167.36,7.85,0.28,8,0.8
1.717,16.82,373.8,4,156.9,7.82,0.24,14,0.8
1.292,26.62,427,5,219.66,7.55,0.39,16,0.7
1.322,27.68,416.95,7,198.74,7.3,0.48,17,0.9
1.505,22.22,339.04,8,209.2,7.58,0.21,96,0.8
1.201,15.66,294.15,7,209.2,8.15,0.29,61,0.5
1.687,26.82,365.43,10,188.28,7.55,0.6,31,0.7
1.14,15.96,406.57,5,198.74,7.7,0.36,8,0.7
1.17,17.42,423.03,11,167.36,8.16,0.4,39,0.5
1.201,27.93,383.79,8,209.2,7.35,0.35,29,0.5
1.14,26.46,378.76,8,198.74,7.32,0.3,27,0.9
1.96,49.39,385.4,11,188.28,7.3,0.45,107,0.8
0.927,19.65,379.63,8,156.9,7.38,0.34,39,0.8
0.927,16.57,426.78,8,271.96,8.08,0.55,22,0.7
0.836,15.56,435.32,11,209.2,8.15,0.56,21,0.8
1.201,18.08,395.01,11,219.66,8.14,0.42,17,0.6
1.261,21.97,334.92,13,219.66,8,0.55,33,0.5
1.109,16.26,345.05,9,209.2,8.1,0.56,14,0.7
2.627,21.71,321.25,12,271.96,7.81,0.42,33,0.6
2.413,18.06,341.77,16,271.96,7.54,0.65,136,0.7
1.96,13.08,336.98,11,188.28,7.73,0.43,21,0.5
1.507,14.44,309.41,15,167.36,7.87,0.45,22,0.6
2.227,17,388.07,15,198.74,7.54,0.6,169,0.9
2.2,23.63,373.02,18,261.5,7.45,0.61,45,0.6
1.667,13.58,229.54,12,240.58,7.9,0.81,217,0.8
1.453,18.59,404.41,11,188.28,7.75,0.6,46,0.5
3.053,22.8,342.42,18,198.74,7.85,0.65,109,0.9
2.333,16.47,364.19,14,240.58,7.68,0.56,160,0.5
2.467,31.18,375.66,12,261.5,7.42,0.68,89,0.6
2.147,30.77,356.17,15,188.28,7.36,0.59,100,0.9
1.32,15.63,378.28,13,156.9,8.2,0.5,20,0.6
2.067,29.78,384.05,14,188.28,7.56,0.65,97,0.8
2.2,31.1,366.28,17,198.74,7.42,0.66,114,0.7
2.04,18.39,451.88,10,219.66,7.65,0.6,49,0.5
1.773,22.27,350.66,20,167.36,7.32,0.58,43,0.8
2.2,30.72,377.1,14,167.36,7.23,0.67,96,0.7
1.853,15.25,331.08,17,177.82,8.06,0.71,46,0.8
1.56,14.14,379.44,23,177.82,8.03,0.78,48,0.5
1.853,23.43,380.36,23,177.82,7.39,0.43,46,0.5
3.347,33.13,381.28,32,156.9,7.42,0.61,100,0.6
3.907,33.81,406.29,27,188.28,7.4,1.04,99,0.9
3.24,24.67,441.74,22,177.82,7.8,0.66,44,0.5
3.107,24.16,474.4,40,198.74,7.35,0.79,61,0.7
2.707,19.3,510.22,23,209.2,7.82,0.71,91,0.7
1.747,23.56,349.71,24,209.2,7.41,0.58,48,0.5
1.64,17.05,448.1,33,177.82,8.21,0.62,16,0.6
1.507,23,334.82,21,177.82,7.48,0.6,40,0.5
2.307,17.68,345.7,17,209.2,8.09,0.78,52,0.6
1.72,18.82,447.36,14,156.9,8.1,0.65,28,0.7
1.667,16.92,417.35,111,135.98,8.19,0.49,24,0.8
1.8,18.32,336.34,16,156.9,8.05,0.58,34,0.8
1.64,16.77,320.29,15,209.2,8.11,0.53,28,0.5
2.173,19.33,328.96,24,177.82,7.83,0.62,101,0.7
1.48,16.34,466.02,15,198.74,8.18,0.59,28,0.7
1.533,16.32,401.78,18,209.2,8.24,0.7,19,0.8
1.933,17.78,542.18,14,209.2,8.24,0.52,21,0.6
1.907,17.2,482.82,13,188.28,8.23,0.57,45,0.8
2.067,24.95,288.63,10,209.2,7.26,0.62,22,0.9
1.587,17.15,474.37,12,156.9,8.16,0.61,22,0.7
1.56,15.78,439.57,15,188.28,8.18,0.61,26,0.6
1.56,16.8,486.94,18,115.06,8.19,0.54,24,0.9
1.64,17.51,439.82,17,209.2,8.3,0.73,22,0.7
2.6,19.43,369.7,29,177.82,7.72,0.73,136,0.5
1.533,21.2,297.96,31,198.74,7.85,0.55,33,0.8
1.747,19.3,358.84,22,177.82,8.23,0.58,21,0.5
1.613,20.14,367.7,17,167.36,8.19,0.68,24,0.8
1.4,15.71,395.41,18,188.28,8.36,0.81,24,0.8
12.28,20.49,244.3,21,292.88,5.42,1.67,48,0.5
10.95,18.52,205.81,11,261.5,5.41,1.54,46,0.9
10.63,19.05,202.46,11,261.5,5.42,1.67,35,0.9
12.92,21.86,210.45,11,261.5,5.37,1.5,40,0.8
10.71,18.44,202.58,15,240.58,5.46,1.64,43,0.9
11.88,19.18,163.88,13,177.82,5.34,1.67,39,0.6
14.49,23.76,196.96,12,271.96,5.35,1.57,40,0.5
12.36,20.49,174.96,13,261.5,5.27,2.42,44,0.6
12.68,20.44,183.75,10,251.04,5.3,1.58,39,0.9
13.59,23.25,118.38,12,292.88,5.33,1.43,47,0.9
10.65,17.94,237.42,11,303.34,5.41,1.56,47,0.7
14.68,24.47,185.33,14,271.96,5.3,1.4,39,0.8
11.27,20.54,200.91,16,313.8,5.31,1.58,55,0.6
11.48,19.73,143.53,13,261.5,5.26,1.43,40,0.9
11.27,19.48,193.23,12,271.96,5.43,2.07,41,0.5
9.613,18.22,214.29,12,251.04,5.29,1.67,45,0.8
9.48,17.91,215.47,14,261.5,5.28,1.36,52,0.8
10.68,18.65,229.89,10,271.96,5.4,1.93,42,0.8
11.29,19.2,192.42,18,251.04,5.25,1.49,43,0.8
13.8,21.56,192.45,15,240.58,5.29,1.67,37,0.9
12.57,21.15,163.6,17,261.5,5.28,1.48,41,0.7
14.2,22.77,206.16,13,156.9,5.15,1.47,45,0.6
11.61,19.53,185.21,13,219.66,5.25,1.62,39,0.6
12.2,19.38,224.36,18,251.04,5.34,0.37,34,0.9
34.44,8.266,75.44,18,240.58,5.7,1.11,31,0.8
14.79,20.82,160.97,17,240.58,5.21,1.9,35,0.9
16.84,13.76,163.92,14,219.66,5.49,1,12,0.8
12.87,20.67,212.7,15,261.5,5.19,1.66,33,0.5
45.08,9.506,49.75,13,261.5,5.75,1.01,37,0.8
42.07,7.81,70.53,13,292.88,5.62,0.98,15,0.6
38.79,16.34,130.69,14,271.96,5.68,1.04,16,0.6
15.43,19.61,199.36,12,261.5,5.46,1.82,31,0.5
11.35,18.04,209.91,21,282.42,5.22,1.69,37,0.7
12.47,21.13,178.91,14,251.04,5.19,1.5,37,0.6
11.45,19.51,195.89,19,303.34,5.4,2.2,39,0.8
13.21,20.29,188.05,13,292.88,5.31,2.23,35,0.9
11.75,18.49,247.3,15,282.42,5.28,2.88,33,0.7
10.31,16.04,211.12,38,261.5,5.58,2.56,31,0.6
11.72,19.96,161.96,26,282.42,5.27,2.5,37,0.5
11.37,19.13,251.83,17,313.8,5.51,2.12,31,0.7
11.85,18.49,274.08,10,345.18,5.35,1.97,39,0.8
7.853,12.01,195.33,5,240.58,5.48,2.14,20,0.9
9.08,14.47,213.83,6,219.66,5.42,2.98,276,0.7
8.707,14.62,226.24,9,313.8,5.45,2.39,213,0.6
8.467,13.41,202,30,251.04,5.43,2.18,206,0.8
7.72,12.65,198.92,3,271.96,5.35,2.63,50,0.7
7.027,11.91,204.12,6,282.42,5.32,2.34,78,0.8
9.053,13.13,191.27,8,282.42,5.46,2.5,108,0.8
7.8,12.04,180.68,1,334.72,5.31,2.73,129,0.8
7.453,13.46,201.62,7,251.04,5.43,2.53,103,0.8
10.81,18.32,224.11,3,292.88,5.3,2.42,92,0.8
8.76,14.72,194.29,13,282.42,5.28,1.74,98,0.9
7.693,12.9,178.98,6,261.5,5.13,1.43,26,0.9
10.47,15.68,206.57,5,240.58,5.44,2.07,128,0.9
8.04,12.44,214.4,7,261.5,5.4,1.61,250,0.5
6.76,11.86,163.05,8,282.42,5.32,1.77,184,0.8
9.64,15.63,237.57,6,240.58,5.32,1.65,277,0.5
7.693,13.33,204.14,23,261.5,5.28,1.83,171,0.6
8.307,14.42,241.42,14,230.12,5.26,1.76,259,0.6
8.973,14.39,186.49,17,292.88,5.39,1.65,88,0.5
8.76,13.78,189.52,5,271.96,5.32,1.9,156,0.7
11.27,17.66,227.5,14,292.88,5.41,2.97,176,0.7
11.16,18.47,189.67,7,230.12,5.18,1.8,90,0.7
13.43,21.66,216.87,8,261.5,5.34,1.77,253,0.5
13.53,21.13,188.89,19,230.12,5.52,1.58,24,0.8
11.72,16.49,501.11,20,282.42,5.92,1.07,10,0.8
11.11,19.38,537.08,16,240.58,5.98,0.98,10,0.7
10.95,18.11,385.04,40,209.2,7.05,0.87,20,0.5
11.27,18.44,525.16,13,230.12,7.24,0.68,30,0.5
10.89,20.32,124.02,16,198.74,6.71,0.5,26,0.7
10.41,19,366.46,23,198.74,7.1,0.61,93,0.9
1.401,14.92,178.43,100,209.2,6.85,0.4,93,0.5
4.181,11.69,431.41,20,209.2,7.34,0.7,17,0.5
1.045,9.178,95.09,27,188.28,6.91,0.3,18,0.9
1.686,17.73,508.19,13,209.2,7.32,0.52,8,0.6
0.926,10.38,91.96,23,83.68,7.18,0.3,30,0.6
1.259,11.71,118.7,42,209.2,6.81,0.46,15,0.9
2.399,12.58,439.57,45,261.5,7.23,0.68,112,0.7
1.639,11.57,194.79,58,292.88,6.99,0.42,15,0.7
1.71,10.49,189.35,54,219.66,6.96,0.36,115,0.9
1.188,12.49,416.44,26,230.12,7.33,0.36,8,0.8
6.698,14.72,460.91,16,240.58,7.49,0.42,8,0.8
1.615,15.36,503.38,21,188.28,7.3,0.38,6,0.5
1.069,14.72,102.71,37,135.98,7.23,0.4,92,0.5
1.52,15.17,350.53,34,156.9,7.08,0.56,27,0.8
6.39,13.64,451.24,18,230.12,7.39,0.38,3,0.9
2.898,13.27,454.22,50,219.66,7.32,0.62,89,0.7
1.663,13.38,122.67,50,251.04,7.05,0.39,94,0.7
2.565,13.8,441.2,38,261.5,7.32,0.42,97,0.5
2.28,13.33,354.39,20,209.2,7.28,0.6,100,0.8
6.841,13.08,402.6,15,177.82,7.36,0.58,118,0.6
1.948,17.03,133.19,40,188.28,6.81,0.61,10,0.9
1.354,11.27,111.18,38,240.58,6.86,0.43,89,0.6
1.354,10.13,130.57,44,230.12,6.61,0.51,112,0.5
1.615,12.21,103.55,34,240.58,6.91,0.6,18,0.5
1.496,14.5,117.29,60,209.2,6.61,0.45,8,0.8
0.998,11.49,83.64,30,209.2,6.91,0.35,5,0.8
1.306,9.178,169.5,32,219.66,6.87,0.61,49,0.5
1.354,13.47,336.5,33,198.74,7.27,0.45,2,0.7
1.71,18.51,524.45,29,219.66,7.28,0.3,2,0.8
1.568,14.89,114.82,55,209.2,7.06,0.45,98,0.8
2.09,16.84,165.46,64,188.28,6.77,0.6,10,0.7
2.494,22.21,536.18,34,188.28,7.28,0.4,25,0.6
1.591,17.84,161.66,93,156.9,6.9,0.35,13,0.8
1.568,18.31,502.33,24,167.36,7.28,0.42,10,0.5
1.069,14.81,161.79,37,188.28,7.1,0.5,11,0.8
1.401,13.97,389.38,26,209.2,7.03,0.35,10,0.9
1.52,16.45,450.1,17,177.82,6.96,0.65,10,0.7
1.449,16.14,501.11,28,240.58,7.06,0.41,12,0.9
1.378,15.45,141.89,21,167.36,7.3,0.58,11,0.5
1.188,13.19,137.14,63,209.2,6.65,0.45,9,0.6
3.325,19.07,545.8,40,177.82,6.91,0.72,10,0.5
5.392,7.34,199.03,68,188.28,7.2,0.92,16,0.8
3.539,13.89,482.03,20,209.2,7.44,0.9,15,0.9
4.086,12.27,505.48,20,230.12,7.5,1.32,10,0.9
2.755,7.117,476.29,55,188.28,7.71,1,17,0.9
4.323,16.73,433.14,55,271.96,6.59,0.87,17,0.7
4.703,19.9,485.99,40,240.58,6.86,0.93,10,0.7
4.798,15.47,475,30,230.12,7.62,0.85,12,0.5
1.817,12.84,341.05,6,234.08,6.89,0.5,24,0.5
1.437,13.71,438.22,6,180.88,7.05,0.52,31,0.6
4.394,37.26,409.92,14,230.12,5.56,0.9,11,0.7
4.181,36,225.04,23,240.58,5.37,0.98,7,0.6
4.466,36.84,534.52,18,230.12,5.42,1.49,10,0.7
3.919,21.63,575.18,18,219.66,6.77,1.04,10,0.5
4.513,24.03,527.45,18,177.82,7.15,1.23,10,0.6
3.919,20.04,512.41,19,198.74,7.48,1.31,298,0.9
3.943,23.19,502.44,37,156.9,7.43,1.08,13,0.5
4.632,23.91,485.43,30,177.82,7.32,1.42,12,0.8
5.012,36.03,265.77,20,209.2,5.75,1.12,10,0.6
3.539,33.3,271.61,22,240.58,6.4,1.23,10,0.6
4.774,35.95,295.21,28,188.28,6.57,0.87,16,0.6
5.249,37.79,583.64,24,219.66,7.39,1.57,12,0.7
3.468,34.11,587.49,29,177.82,7.43,1.26,85,0.9
4.394,28.62,599.03,25,177.82,7.55,1.48,89,0.7
3.444,24.61,267.73,20,209.2,7.03,1.83,82,0.5
2.447,32.47,587.94,20,209.2,7.36,1.61,129,0.9
3.682,22.35,254.58,18,230.12,6.15,1.38,188,0.5
3.824,35.97,591.99,17,261.5,7.25,1.45,80,0.8
3.919,37.76,507.39,21,209.2,5.62,1.68,165,0.5
4.133,33.47,598.03,24,188.28,6.92,1.23,92,0.6
3.539,24.16,338.41,25,198.74,6.36,1.14,8,0.9
3.515,22.16,607.77,24,209.2,7.27,0.72,6,0.6
3.302,22.27,239.38,15,167.36,6.25,0.73,92,0.9
4.252,37.06,234.17,19,209.2,6.39,0.63,27,0.9
2.613,28.01,565.6,23,167.36,7.3,0.78,3,0.5
3.895,26.45,216.78,26,177.82,5.69,0.63,89,0.9
4.822,37.42,230.35,18,177.82,6.03,0.51,94,0.9
3.278,30.6,274.36,21,240.58,6.21,0.53,97,0.6
3.8,37.01,250.37,18,209.2,5.55,1.06,100,0.6
2.898,32.86,247.67,17,209.2,5.16,1.18,118,0.5
3.278,27.2,595.14,24,188.28,7,0.9,10,0.5
4.418,35.47,252.64,31,209.2,5.88,0.68,89,0.7
4.466,28.98,281.83,25,209.2,6.32,0.55,112,0.7
4.418,28.54,618.68,24,198.74,6.93,0.56,18,0.5
3.8,29.93,577.27,21,188.28,7.2,0.61,8,0.5
4.038,26.56,593.11,131,209.2,7.33,0.89,5,0.6
4.727,27.53,339.13,31,155.2,6.37,0.99,49,0.6
4.774,36.7,572.39,18,135.8,7.17,1.12,2,0.8
4.893,36.5,588.21,60,164.9,7.32,1.54,2,0.5
4.584,35.14,245.34,24,213.4,5.91,1,98,0.7
3.515,33.55,279.8,2,203.7,5.44,0.86,124,0.5
4.157,26.06,542.23,4,252.2,4.91,1.16,224,0.5
4.513,27.45,306.17,6,155.2,6.09,1.12,112,0.8
3.753,25,611.1,8,194,6.96,1.3,17,0.8
2.755,31.71,598.14,3,174.6,6.95,1.27,13,0.6
3.42,24.61,339.72,2,164.9,6.68,0.98,40,0.8
4.086,35.25,579.07,3,126.1,7.2,1.21,8,0.5
3.895,22.55,269.18,6,184.3,5.79,0.9,97,0.7
4.466,38.06,484.47,2,194,5.63,1.72,123,0.7
4.299,27.26,239.8,14,194,6.39,1.03,69,0.5
3.159,33.55,588.49,22,126.1,7,0.91,12,0.6
4.109,26.64,491.93,5,174.6,7.02,1.1,4,0.8
4.394,35.56,600.13,2,184.3,7,1.2,2,0.5
2.542,30.79,592.02,5,242.5,5.32,1.21,260,0.9
3.943,23.38,266.03,4,155.2,6.49,0.87,51,0.8
4.109,34.81,572.14,2,164.9,7.04,1.46,12,0.7
4.774,36,482.99,5,174.6,5.34,1.28,246,0.7
3.135,32.35,224.82,6,164.9,6.37,1.08,46,0.9
4.988,36.36,267.76,2,184.3,5.45,1.07,96,0.7
4.893,36.48,262.3,3,194,6.36,0.95,70,0.5
3.658,23.72,616.78,2,164.9,6.86,1.21,16,0.7
4.086,34.75,292.91,2,194,5.65,1.06,98,0.6
3.088,32.41,588.64,2,194,6.82,1.6,14,0.8
3.468,25.81,559.85,4,203.7,7.01,1.66,12,0.7
4.228,27.42,555.14,2,184.3,7.03,1.64,5,0.6
4.133,33.64,574.66,1,203.7,7.15,1.58,9,0.8
2.637,34.81,566.72,7,194,7.14,1.08,9,0.8
3.848,23.94,270.46,3,213.4,5.62,1.67,85,0.6
3.943,25.33,269.4,3,174.6,5.67,1.66,113,0.8
4.252,34.72,226.69,2,232.8,5.62,1.73,103,0.8
7.158,48.36,595.31,2,194,7,0.92,26,0.6
6.817,62.65,578.57,4,194,7.09,1.42,14,0.7
6.941,49.02,598.92,2,194,7.36,0.9,12,0.6
5.233,60.08,371.36,6,223.1,5.1,0.9,260,0.6
7.314,47.45,580.68,2,194,6.81,1,12,0.6
7.531,46.54,589.79,2,194,7.01,1.22,4,0.5
7.748,60.23,235.19,2,194,5.6,0.84,200,0.6
6.351,45.18,561.44,10,203.7,7.1,0.98,7,0.6
5.885,43.11,603.38,3,174.6,6.97,1.1,6,0.7
6.693,49.92,591.6,3,164.9,7.07,1,8,0.6
6.941,53.11,602.07,8,164.9,7.03,1.1,16,0.8
7.345,47.7,591.72,2,184.3,7.14,1.14,14,0.5
6.879,51.79,581.18,3,164.9,7.06,0.89,13,0.8
8.183,50.93,588.07,8,174.6,7.15,1.25,15,0.7
7.345,48.16,592.54,6,164.9,7.31,1.03,12,0.9
7.655,46.14,564.19,8,145.5,7.19,1.07,8,0.9
6.444,63.21,575.66,32,310.4,5.54,0.97,218,0.6
6.475,54.12,584.05,4,261.9,7.08,0.98,19,0.6
7.5,48.01,566.28,3,184.3,7.12,1,21,0.9
6.568,63.91,577.1,3,174.6,7.18,1.04,19,0.7
6.32,48.61,579.44,6,164.9,7.08,0.84,23,0.5
5.73,43.26,606.29,4,174.6,7.12,1.31,18,0.8
5.606,45.78,594.71,5,174.6,7.19,1.33,21,0.6
7.065,50.48,583.97,8,184.3,7.15,1.5,19,0.7
6.817,47.5,568.78,2,174.6,7.25,1.7,30,0.6
6.289,45.58,595.01,6,164.9,7.3,1.45,16,0.5
6.972,45.43,580.36,8,194,7.17,0.98,18,0.7
6.32,49.22,607.44,9,213.4,7.08,1.55,24,0.6
6.196,46.94,594.71,8,194,7.21,1.19,26,0.5
5.699,43.96,538.63,7,194,7.23,1.32,21,0.9
6.879,46.24,580.98,3,213.4,7.31,1.45,10,0.8
0.637,2.348,563.08,3,174.6,7.26,0.72,25,0.5
6.444,46.04,610.3,2,164.9,7.35,1.07,13,0.7
6.599,46.74,566.14,1,174.6,7.16,1.1,10,0.7
7.283,47.45,493.26,3,145.5,7.29,1.31,11,0.8
6.848,45.93,577.5,1,164.9,7.34,1.23,10,0.7
6.382,47.3,588.43,1,164.9,7.25,0.99,10,0.6
7.065,44.92,470.87,1,145.5,7.3,1.03,12,0.6
5.823,43.26,597.42,3,174.6,7.39,1.16,11,0.7
6.724,44.62,541.84,2,155.2,7.3,1.2,9,0.7
6.724,46.89,584.17,4,145.5,7.28,1.22,10,0.8
0.699,3.056,597.7,1,174.6,7.16,1.5,16,0.8
5.916,45.43,610.84,1,164.9,7.2,1.46,15,0.6
6.724,45.73,496.67,1,184.3,7.21,1.25,10,0.7
7.252,47.4,563.89,3,174.6,7.12,0.93,17,0.5
6.879,46.14,606.07,2,164.9,7.3,1.21,17,0.5
6.165,53.46,569.3,1,155.2,7.28,1.16,10,0.8
6.568,46.34,603.24,1,135.8,7.3,1.22,12,0.6
6.475,44.97,589.01,2,145.5,7.22,1.34,10,0.8
5.885,44.32,575.84,3,155.2,7.4,1.21,11,0.9
6.32,45.63,560.21,2,223.1,7.25,1.4,11,0.9
6.599,46.94,494.04,3,184.3,7.41,1.32,7,0.6
6.786,49.82,500.16,6,194,7.45,1.06,10,0.7
6.32,45.38,491.09,4,155.2,7.35,1.25,10,0.5
6.91,46.54,580.12,2,184.3,7.42,1.17,10,0.5
7.189,61.59,372.8,3,126.1,5.33,1.1,298,0.7
6.289,48.11,597.07,1,184.3,7.18,1.21,13,0.7
6.32,46.34,601,7,145.5,7.21,1.21,12,0.7
6.102,47.9,547.88,3,184.3,7.3,1.28,10,0.8
6.599,45.58,589.82,1,194,7.28,1.26,10,0.7
7.22,49.07,559.39,13,164.9,7.01,1.6,16,0.9
6.165,43.66,606.4,5,184.3,7.42,1.3,12,0.5
1.941,24.42,282.08,3,164.9,7.01,0.65,85,0.7
3.742,41.04,568.39,1,174.6,7.39,0.93,89,0.9
2.158,25.38,542.7,2,164.9,7.96,0.48,82,0.8
2.252,27.55,586.89,2,174.6,7.84,0.7,129,0.9
2.345,40.28,302.24,3,155.2,6.14,0.5,188,0.9
1.537,29.82,433.79,3,164.9,7.2,0.62,80,0.8
2.034,38.81,286.48,10,145.5,6.11,0.65,165,0.8
3.991,44.72,594.12,5,155.2,7.58,0.83,92,0.6
4.146,42.85,600.33,12,126.1,7.65,0.74,79,0.8
2.127,25.93,563,21,174.6,7.85,0.61,156,0.9
2.034,28.41,527.28,7,194,7.9,0.7,154,0.8
2.034,27.1,584.65,11,194,7.69,0.7,130,0.7
3.09,36.39,569.94,9,174.6,7.62,0.82,93,0.5
3.929,42.95,588.96,24,164.9,7.91,0.72,92,0.5
3.898,41.09,581.07,10,174.6,7.69,0.82,80,0.6
2.345,32.1,596.21,4,164.9,8.04,1.09,45,0.8
2.78,34.12,464.89,8,145.5,7.79,0.63,102,0.7
1.91,33.81,470.62,10,174.6,7.53,0.65,72,0.9
2.345,35.53,446.22,9,213.4,7.38,0.65,61,0.5
2.252,38.46,276.34,5,223.1,6.12,0.75,151,0.7
4.022,43.76,596.62,4,194,7.26,0.45,71,0.6
3.494,38.91,609.2,3,184.3,7.45,0.46,67,0.9
2.189,36.94,245.57,14,174.6,6.33,0.55,136,0.6
2.189,41.04,283.73,71,174.6,6.13,0.6,169,0.8
2.407,33.01,467.84,21,135.8,7.57,0.59,93,0.8
2.127,39.37,300.55,6,145.5,6.01,0.46,146,0.6
1.755,27.6,370.68,5,145.5,6.51,0.46,60,0.5
3.525,41.14,353.03,4,194,6.94,0.51,32,0.7
3.432,39.47,586.93,13,174.6,7.6,0.85,76,0.9
1.506,33.61,282.18,13,194,6.45,0.59,156,0.6
1.786,34.37,444.87,11,184.3,7.15,0.75,69,0.7
1.724,32.7,426.97,14,164.9,7.42,0.66,72,0.8
1.817,29.97,327.93,14,155.2,7.06,0.57,110,0.9
2.065,35.98,272.85,18,164.9,6.51,0.55,179,0.8
2.252,34.17,512.73,12,174.6,7.63,0.61,120,0.7
3.028,40.53,361.41,12,184.3,7.26,0.57,48,0.9
2.314,32.3,491.01,15,194,7.89,0.55,100,0.6
1.91,39.17,261.33,11,145.5,6.59,0.6,227,0.7
2.189,27.7,619.43,12,223.1,7.61,0.53,141,0.9
1.817,39.42,274.05,14,155.2,6.36,0.5,186,0.8
1.941,27.9,348.49,12,174.6,6.6,0.36,99,0.6
1.755,37.75,307.23,18,155.2,6.06,0.41,179,0.9
1.693,37.8,282.27,18,174.6,6.29,0.59,186,0.9
1.941,28.71,593.35,10,164.9,7.58,0.61,145,0.5
2.376,29.32,568.46,19,174.6,7.83,0.52,153,0.6
2.624,33.66,474.19,9,184.3,7.46,0.53,103,0.6
1.91,33.26,596.95,8,164.9,8.01,1.05,47,0.8
2.345,31.49,475.72,12,194,7.8,0.61,98,0.8
2.158,32.65,618.66,12,135.8,7.74,0.5,113,0.7
2.065,30.08,533.53,15,155.2,7.77,0.52,101,0.6
2.096,36.89,488.2,7,184.3,7.47,0.64,77,0.8
1.941,41.44,321.38,12,155.2,6.45,0.56,208,0.9
1.972,34.27,587.91,14,164.9,7.6,0.7,132,0.8
1.972,39.62,274.68,8,203.7,6.17,0.41,209,0.7
4.084,43.96,593.48,10,174.6,7.57,0.87,101,0.6
3.929,44.72,573.65,18,203.7,7.66,0.98,97,0.6
1.63,38.11,282.48,13,223.1,6.53,0.67,209,0.7
2.904,34.52,446.5,10,194,7.55,0.49,111,0.6
1.089,16.01,257.37,10,145.5,5.49,0.46,161,0.7
1.369,29.27,253.88,12,145.5,5.65,0.51,146,0.8
1.313,28.83,273.07,12,164.9,5.47,0.5,163,0.9
1.313,17.2,584.76,10,145.5,7.31,0.55,160,0.9
1.62,23.99,573.68,2,174.6,7.5,0.77,53,0.5
1.229,20.79,293.3,17,145.5,6.68,0.46,95,0.7
1.034,21.17,306.12,14,194,6.47,0.49,114,0.9
1.62,36.01,271.51,15,164.9,5.98,0.66,185,0.7
2.151,32.85,396.97,10,184.3,7.09,0.48,57,0.6
1.257,30.35,306.09,11,194,6.01,0.51,193,0.5
1.229,29.16,260,12,174.6,5.93,0.39,195,0.8
2.682,27.85,500.3,10,164.9,7.19,0.72,95,0.9
1.648,35.35,281.31,16,194,6.05,0.41,188,0.8
1.201,23.89,303.93,12,194,6.48,0.45,124,0.9
1.704,27.91,456.04,12,164.9,7.26,0.49,108,0.6
1.844,23.83,610.04,12,174.6,7.38,0.52,74,0.6
1.229,23.29,311.77,19,184.3,6.83,0.45,103,0.6
1.76,35.68,269.21,17,155.2,6.01,0.63,148,0.7
1.508,23.67,324.25,15,213.4,6.57,0.46,107,0.6
1.732,20.52,534.21,12,174.6,7.43,0.63,149,0.9
1.061,25.9,259.52,12,194,6.16,0.45,162,0.8
1.397,18.4,500.44,16,174.6,7.43,0.6,79,0.9
1.592,24.27,400.19,14,194,7.38,0.68,99,0.7
1.425,34.92,276.55,15,174.6,6.02,0.57,179,0.7
2.291,24.92,595.14,15,155.2,7.37,0.85,84,0.9
1.341,33.94,320.1,15,174.6,5.94,0.69,156,0.8
1.453,26.44,316.53,17,184.3,6.48,0.52,114,0.8
1.285,35.68,283.25,19,194,5.87,0.66,175,0.7
1.117,21.11,330.1,9,213.4,6.5,0.45,102,0.8
1.48,18.72,539.62,11,223.1,7.47,0.66,182,0.5
2.346,27.8,602.13,6,194,7.41,0.9,55,0.6
1.844,23.99,448.19,6,213.4,7.46,0.61,74,0.7
1.257,17.69,487.81,5,194,7.76,0.51,52,0.7
2.765,26.93,563.52,5,213.4,7.55,0.81,58,0.6
2.542,26.33,493.09,7,194,7.52,0.89,56,0.6
1.397,17.26,540.25,9,174.6,7.81,0.67,103,0.6
1.425,33.51,259.87,15,97,5.35,0.51,144,0.6
1.006,27.91,275.19,6,97,5.76,0.53,118,0.9
1.313,22.58,438.9,8,164.9,7.2,0.69,68,0.7
2.682,27.36,610.89,12,223.1,7.2,0.92,55,0.8
2.235,22.26,409.59,4,164.9,7.58,0.57,56,0.5
1.089,21.6,583.16,7,155.2,7.65,0.92,32,0.9
1.341,21.44,431.43,9,155.2,7.55,0.63,5,0.8
1.201,28.23,421.53,8,174.6,7.3,0.71,50,0.7
1.369,18.23,433.66,7,164.9,7.77,0.57,55,0.9
1.48,25.14,431.54,7,135.8,7.57,0.54,82,0.9
2.011,24.21,533.14,3,184.3,7.67,0.68,54,0.8
1.48,31.49,321.55,6,174.6,6.85,0.51,69,0.8
1.117,27.04,434.6,10,174.6,7.16,0.72,41,0.6
1.145,30.14,244.53,11,194,6.19,0.55,1148,0.6
2.235,27.04,493.49,8,194,7.36,0.75,52,0.7
0.894,23.72,293.16,8,164.9,6.72,0.44,49,0.9
0.754,28.99,261.78,10,174.6,6.11,0.49,114,0.8
1.648,23.99,583.48,6,164.9,7.7,0.87,20,0.9
1.369,11.77,577.82,11,242.5,7.8,1.21,32,0.7
2.961,29.97,603.4,8,194,7.58,0.71,54,0.5
1.313,27.26,422.4,6,145.5,7.17,0.69,40,0.6
1.173,32.53,255.25,14,155.2,6.65,0.57,108,0.9
0.894,28.29,297.92,12,194,6.58,0.47,56,0.7
1.257,33.61,235.81,11,174.6,6.11,0.52,114,0.8
1.368,30.29,260.41,11,164.9,6.03,0.59,153,0.5
1.489,22.96,435.76,7,164.9,7.39,0.57,90,0.8
1.513,24.14,389.72,11,155.2,7.6,0.54,86,0.8
1.828,25.59,430.41,18,145.5,7.55,0.55,87,0.9
1.683,18,491.15,8,194,7.51,0.52,48,0.7
2.07,20.86,524.47,12,155.2,7.7,0.49,54,0.7
2.046,23.42,599.61,14,164.9,7.57,0.78,63,0.6
1.707,26.28,397.74,13,164.9,7.42,0.57,108,0.9
1.659,35.67,270.46,11,155.2,6.01,0.57,98,0.6
1.32,26.47,275.28,27,135.8,6.54,0.45,56,0.9
1.392,17.42,537.67,16,155.2,7.06,0.71,117,0.7
2.627,28.15,579.85,8,174.6,7.3,0.7,63,0.7
1.174,24.26,432.99,8,194,7.05,0.66,46,0.7
1.368,32.42,256.43,28,194,5.9,0.52,127,0.5
0.908,20.59,294.33,21,135.8,6.4,0.52,61,0.9
1.005,23.11,277.31,14,155.2,6.52,0.64,58,0.8
1.489,32.92,287.51,14,164.9,5.83,0.5,67,0.8
1.416,24.79,306.47,22,174.6,6.41,0.43,59,0.7
1.489,27.77,419.75,13,184.3,6.78,0.69,69,0.6
1.634,25.52,421.52,12,203.7,7.3,0.58,77,0.7
1.683,24.52,411.57,12,126.1,7.26,0.54,82,0.9
1.223,21.55,311.95,15,203.7,6.6,0.48,56,0.9
0.956,19.83,285.78,11,184.3,6.52,0.66,43,0.9
1.126,24.18,394.26,10,194,6.94,0.5,67,0.8
1.513,31.85,359.4,6,194,6.97,0.54,42,0.5
1.416,33.42,302.55,13,145.5,5.86,0.6,111,0.7
1.32,26.51,394.8,9,203.7,6.94,0.62,156,0.9
1.102,31.85,258.25,78,203.7,5.97,0.57,131,0.9
1.634,38.53,274.11,5,213.4,5.5,0.73,152,0.9
1.174,32.31,241.03,27,145.5,5.47,0.33,117,0.7
1.586,37.12,280.41,9,203.7,5.49,0.52,121,0.9
1.707,42.73,444.17,6,194,5.78,0.52,74,0.9
1.392,40.21,524.91,12,174.6,5.69,0.61,76,0.8
1.392,39.48,318.52,12,174.6,5.8,0.52,78,0.8
1.416,38.23,397.55,7,184.3,5.79,0.32,75,0.8
1.683,41.05,497.54,12,194,5.77,0.41,77,0.7
1.538,37.35,575.72,4,203.7,5.74,0.42,78,0.5
1.61,39.1,419.96,7,213.4,5.86,0.57,92,0.9
1.368,37.19,456.89,13,194,5.75,0.47,86,0.9
1.199,27.35,433.24,12,174.6,6.88,0.49,48,0.9
1.368,38.07,489.76,18,194,5.85,0.58,65,0.8
1.174,21.24,522.24,15,145.5,7.31,0.57,71,0.6
1.441,38.3,525.2,16,213.4,5.69,0.56,88,0.9
1.441,24.18,471.74,18,155.2,7.2,0.49,97,0.7
1.295,34.98,319.24,23,194,5.67,0.52,104,0.6
1.61,35.71,300.93,44,184.3,5.65,0.57,106,0.7
1.416,37.08,305.73,40,194,5.35,0.51,130,0.6
1.562,36.81,618.11,18,145.5,5.35,0.5,141,0.5
1.295,34.52,422.58,10,194,5.52,0.57,112,0.6
1.368,37.04,404.69,16,194,5.73,0.46,72,0.6
1.441,34.18,415.78,18,145.5,5.74,0.49,85,0.9
1.562,36.93,386.37,17,203.7,5.85,0.63,86,0.7
1.61,38.65,408.73,26,242.5,5.8,0.53,98,0.5
1.538,37.77,283,22,145.5,5.68,0.48,92,0.9
1.126,33.23,278.32,13,203.7,5.29,0.63,99,0.9
1.344,32.69,308.85,29,223.1,5.3,0.47,86,0.8
1.489,35.1,279.67,24,194,5.83,0.68,124,0.8
1.416,35.9,309.78,21,184.3,5.46,0.6,117,0.8
1.441,35.1,582.91,14,213.4,5.57,0.53,78,0.6
1.416,35.25,317.16,11,203.7,5.69,0.6,72,0.5
1.852,39.41,467.21,10,194,5.5,0.45,99,0.7
1.586,34.87,362.36,21,213.4,5.73,0.38,90,0.7
0.86,26.35,397.42,27,194,6.63,0.48,65,0.5
1.005,26.32,372.05,26,145.5,6.71,0.43,78,0.8
0.981,35.06,374.24,34,203.7,5.41,0.39,106,0.5
1.755,39.56,450.25,18,223.1,5.86,0.41,86,0.7
1.102,24.71,352.86,30,145.5,6.63,0.43,66,0.8
0.738,20.59,397.17,38,174.6,6.77,0.48,87,0.5
1.441,37.08,271.34,19,184.3,5.5,0.49,186,0.6
1.029,23.65,605.53,27,145.5,6.57,0.67,72,0.6
0.835,23.87,304.77,18,155.2,6.77,0.33,56,0.5
0.908,24.41,316.51,24,155.2,6.84,0.34,67,0.9
1.053,25.82,353.26,19,145.5,6.8,0.49,43,0.6
0.835,24.18,271.27,20,145.5,6.97,0.39,58,0.6
0.932,24.71,299.92,24,164.9,6.85,0.47,49,0.9
1.005,25.52,349.04,28,194,6.85,0.49,58,0.8
0.835,25.25,294.71,35,155.2,6.9,0.58,66,0.7
1.029,22.5,265.48,18,145.5,6.95,0.4,66,0.5
0.787,24.9,381.78,30,174.6,6.8,0.59,71,0.6
1.005,25.1,315.66,22,155.2,6.92,0.54,48,0.9
0.787,21.74,296.1,19,135.8,6.89,0.61,40,0.9
0.787,24.75,380.72,21,145.5,6.85,0.59,56,0.7
1.174,27.27,383.52,27,174.6,6.89,0.61,70,0.6
1.053,24.26,306.12,25,164.9,6.96,0.54,48,0.5
1.295,35.36,309.61,106,194,5.48,0.55,61,0.6
1.562,40.32,474.45,26,242.5,5.52,0.51,84,0.6
1.586,40.32,390.21,22,213.4,5.56,0.55,97,0.5
1.441,39.52,592.93,24,155.2,5.72,0.46,77,0.9
1.78,40.29,477.75,40,223.1,5.68,0.63,69,0.8
1.271,35.67,289.53,35,164.9,5.54,0.62,101,0.8
1.247,32.54,238.68,20,174.6,5.5,0.52,44,0.7
1.562,35.13,269.32,19,145.5,5.34,0.47,50,0.9
1.029,35.13,277.65,20,213.4,5.31,0.51,55,0.9
1.441,36.13,300.38,15,194,5.32,0.6,49,0.6
1.901,43.03,524.75,20,194,5.75,0.43,68,0.9
1.368,36.7,276.61,20,174.6,5.27,0.56,64,0.6
1.368,37.96,473.77,15,184.3,5.75,0.48,60,0.6
0.884,24.22,300.4,11,135.8,6.7,0.53,64,0.6
0.908,25.02,320.28,15,174.6,6.64,0.54,64,0.9
0.787,24.48,405.52,13,155.2,6.82,0.6,67,0.7
0.738,24.26,259.14,16,145.5,6.92,0.51,45,0.6
0.884,25.25,433.46,25,174.6,6.9,0.64,74,0.5
0.763,21.43,329.92,22,232.8,6.95,0.53,67,0.8
0.763,21.2,277.82,22,184.3,6.97,0.46,89,0.8
0.908,20.44,313.86,23,174.6,6.99,0.49,66,0.6
0.835,20.1,318.89,31,164.9,6.98,0.46,81,0.5
1.029,21.43,321.43,33,164.9,6.96,0.57,74,0.6
0.666,19.06,306.31,30,155.2,6.98,0.56,60,0.6
0.714,20.78,294.76,25,174.6,6.96,0.52,70,0.5
1.102,24.1,330.66,24,174.6,6.87,0.49,72,0.6
1.344,33.45,253,21,194,5.26,0.5,45,0.5
1.392,35.36,333.35,16,213.4,5.29,0.43,32,0.6
1.271,36.66,385.5,19,194,5.45,0.58,38,0.9
1.15,32.23,341.16,16,174.6,5.32,0.49,40,0.9
1.489,35.9,290.46,26,213.4,5.8,0.61,41,0.6
1.513,34.83,352.3,13,174.6,5.24,0.61,30,0.6
1.683,35.94,351.18,18,213.4,5.2,0.52,28,0.5
1.174,34.06,329.19,9,223.1,5.2,0.45,26,0.7
1.901,37.54,325.42,9,203.7,5.38,0.46,30,0.9
1.199,34.22,367.92,20,174.6,5.13,0.49,35,0.5
1.84,36.15,320.71,16,194,5.89,0.56,150,0.7
1.389,31.67,282.2,16,174.6,5.42,0.62,45,0.7
1.493,32.37,281.23,14,194,5.54,0.48,64,0.6
1.701,34.17,304.88,20,174.6,5.44,0.63,46,0.8
1.562,33.91,289.83,21,194,5.39,0.75,48,0.8
1.528,34.55,297.99,22,194,5.41,0.56,60,0.9
1.319,32.05,271.51,17,203.7,5.24,0.61,55,0.7
1.528,34.55,313.94,19,194,5.26,0.69,52,0.6
1.042,10.58,619.12,19,213.4,7.56,0.78,39,0.7
1.389,18.08,461,16,174.6,7.48,0.67,42,0.8
1.562,34.23,388.72,19,2425,6.32,0.53,52,0.8
1.736,36.92,303.13,19,194,5.59,0.58,45,0.9
1.319,30.9,274.01,16,223.1,5.68,0.58,38,0.8
1.424,34.68,312.38,19,203.7,5.22,0.6,35,0.6
1.319,30.77,297.64,27,232.8,5.73,0.63,32,0.9
1.215,22.88,358.76,25,174.6,6.75,0.61,28,0.9
1.111,40.06,385.73,21,194,6.96,0.65,35,0.8
0.868,35.58,289.44,28,252.2,6.85,0.51,57,0.5
0.799,15.96,282.23,42,203.7,7.14,0.54,52,0.6
0.521,16.41,370.99,31,184.3,7.7,0.67,61,0.9
1.25,20.71,337.06,40,194,7.03,0.61,68,0.5
1.285,22.82,340.74,48,194,6.91,0.49,52,0.6
1.111,23.4,296.56,23,174.6,7.19,0.47,59,0.6
1.111,25.45,278.9,29,174.6,7.07,0.63,72,0.5
0.903,21.35,337.86,14,145.5,6.88,0.49,75,0.5
1.424,34.1,303.3,14,213.4,5.72,0.47,50,0.7
1.389,34.74,294.84,18,164.9,5.56,0.69,45,0.7
1.354,33.78,274.81,15,155.2,5.53,0.45,52,0.7
1.458,32.69,239.98,15,164.9,5.56,0.45,60,0.7
1.319,34.49,268.27,19,155.2,5.59,0.33,62,0.6
0.937,18.65,506.43,8,174.6,6.91,0.58,45,0.6
1.562,19.55,498.29,2,184.3,7.61,0.57,50,0.5
1.111,18.4,283.46,2,194,6.98,0.46,66,0.9
0.972,21.79,301.38,2,174.6,7.09,0.46,62,0.6
0.799,21.67,279.04,1,145.5,7.17,0.53,70,0.5
0.972,16.41,445.41,5,145.5,7.76,0.63,80,0.7
0.937,20,267.22,2,155.2,7.12,0.3,65,0.5
1.319,32.82,283.99,4,232.8,5.54,0.41,50,0.6
1.632,35.71,298.38,2,223.1,5.77,0.45,48,0.6
1.632,34.81,300.17,2,164.9,5.73,0.61,42,0.9
0.764,19.87,260.1,2,194,6.79,0.47,60,0.6
0.451,18.85,263.99,2,232.8,6.95,0.52,53,0.8
0.972,22.18,250.27,2,1425.9,7.12,0.56,54,0.6
1.354,32.18,273.66,2,223.1,5.55,0.5,50,0.6
1.389,34.04,284,2,242.5,5.61,0.49,55,0.9
1.771,36.09,312.15,2,213.4,5.52,0.57,45,0.5
1.181,32.37,244.13,4,232.8,5.36,0.58,50,0.5
1.389,32.31,262.43,1,252.2,5.35,0.54,55,0.5
1.493,32.95,291.45,2,213.4,5.14,0.59,58,0.8
1.007,20.19,483.12,10,223.1,7.07,0.57,95,0.7
0.833,19.62,470.41,2,155.2,7.04,0.63,57,0.8
1.493,21.41,434.82,2,184.3,7.23,0.63,86,0.9
1.25,22.12,468,3,194,7.51,0.51,85,0.9
1.25,20.32,484.28,6,194,7.46,0.69,93,0.7
0.833,17.69,533.7,2,194,7.45,0.57,78,0.7
1.91,21.15,595.52,2,203.7,7.58,0.74,53,0.5
1.111,17.37,601.01,2,174.6,7.77,0.64,39,0.9
0.903,24.42,228.37,2,194,6.22,0.54,90,0.5
1.111,23.59,436.2,2,184.3,6.96,0.7,36,0.8
1.319,32.95,257.8,2,194,6.12,0.5,30,0.5
1.493,26.03,408.13,2,164.9,6.5,0.47,84,0.6
1.111,24.49,354.02,2,174.6,6.82,0.52,66,0.9
1.181,26.67,339.77,3,184.3,6.94,0.54,66,0.6
2.604,24.62,587.67,2,174.6,7.36,0.75,69,0.8
1.979,21.6,610.11,2,194,7.41,0.28,97,0.6
1.389,19.62,586.59,2,155.2,7.67,0.66,48,0.5
1.25,24.04,413.05,6,174.6,7.48,0.58,90,0.9
2.639,24.1,619.75,2,194,7.52,0.76,70,0.9
1.389,18.08,509.4,3,164.9,7.73,0.57,125,0.5
1.458,16.79,512.68,2,164.9,7.64,0.54,127,0.9
0.937,21.41,538.94,2,194,7.41,0.4,61,0.9
1.215,20.45,584.38,3,155.2,7.75,0.5,39,0.6
1.181,23.27,367.87,3,174.6,7.47,0.52,79,0.6
1.493,31.15,222.45,2,184.3,6.32,0.54,158,0.9
1.215,18.97,580.18,3,194,7.64,0.75,44,0.8
2.882,27.69,569.79,2,194,7.56,0.95,67,0.6
1.215,15,581.73,2,155.2,7.76,0.66,133,0.7
1.319,21.54,594.98,4,194,7.5,0.6,102,0.6
1.944,18.85,542,19,155.2,7.72,0.55,58,0.5
2.951,26.99,608.95,14,164.9,7.62,0.77,61,0.6
2.674,25.45,564.21,10,194,7.59,0.78,67,0.7
0.868,22.05,367.64,4,184.3,7.35,0.7,60,0.8
2.361,24.29,594.15,12,184.3,7.56,0.77,66,0.7
2.431,24.29,556.6,24,194,7.61,0.68,69,0.8
1.25,19.23,349.45,11,194,7.78,0.98,45,0.5
0.972,23.21,592.09,6,174.6,7.36,0.63,33,0.8
1.111,19.36,451.87,10,164.9,7.75,0.78,44,0.6
1.146,15.32,572.54,6,155.2,7.89,0.48,66,0.8
1.007,18.14,602.44,7,174.6,7.87,0.75,44,0.9
1.25,21.67,367.93,13,164.9,7.75,0.55,87,0.8
2.396,24.36,292.23,8,155.2,7.07,0.75,31,0.7
0.903,13.65,320.36,4,126.1,7.65,0.71,127,0.7
0.694,18.4,602,6,232.8,6.83,0.51,71,0.7
3.576,22.63,589.08,36,271.6,6.12,1.22,297,0.9
4.653,25.32,509.49,13,252.2,6.01,1.04,291,0.5
4.931,18.08,498.63,21,223.1,5.95,0.7,235,0.6
4.687,17.88,574.14,21,194,5.92,0.94,239,0.8
4.514,14.36,315.87,31,213.4,5.99,0.78,233,0.6
5.278,14.94,346.53,27,291,5.9,0.92,242,0.9
4.583,23.59,333.78,26,349.2,6.16,1.27,300,0.5
4.201,18.85,350.43,93,223.1,6.07,0.66,283,0.9
3.993,21.73,595.11,33,242.5,6.28,1.1,290,0.5
1.597,11.79,581.18,16,194,7.2,0.79,232,0.9
4.757,15.77,299.5,15,174.6,6.05,0.71,229,0.9
2.361,15.19,598.84,29,232.8,7.18,0.87,258,0.7
5.417,14.68,300.8,26,203.7,6.08,0.93,232,0.6
3.993,16.73,282.2,66,223.1,6.16,0.94,237,0.9
3.437,15.45,310.91,26,232.8,6.09,0.83,261,0.9
3.785,16.41,301.26,87,203.7,6.01,0.9,248,0.8
4.514,21.86,453.55,40,184.3,6.34,0.85,258,0.8
3.681,14.29,591.27,18,203.7,6.06,0.59,255,0.5
3.194,13.53,578.98,26,213.4,6.19,0.69,265,0.7
1.701,24.36,351.7,16,203.7,6.98,0.67,179,0.9
1.771,25.96,601.62,23,252.2,7.2,0.69,208,0.7
3.507,14.36,263.51,38,213.4,6.19,0.72,260,0.5
2.049,26.47,272.97,58,203.7,7.03,0.75,232,0.9
1.667,27.56,272.73,63,213.4,7.08,0.66,228,0.9
3.681,14.94,286.8,16,213.4,6.27,0.76,203,0.9
3.785,14.68,306.8,21,213.4,5.93,0.72,244,0.9
4.965,17.82,601.09,33,213.4,6.21,0.59,252,0.8
3.473,20.39,516.76,28,203.7,6.59,0.76,206,0.8
2.433,20.51,340.49,36,174.6,6.17,0.71,243,0.8
2.299,29.73,593.44,30,194,7.03,0.69,196,0.8
1.023,10.15,67.54,28,174.6,5.05,0.57,51,0.7
4.413,22.92,544.98,34,223.1,6.41,0.66,193,0.9
4.614,20.33,446.52,24,213.4,6.33,0.67,216,0.5
5.218,14.67,310.76,50,223.1,6.03,0.77,230,0.7
4.715,15.09,300.57,16,223.1,6.02,0.73,258,0.9
4.279,16.66,390.41,16,242.5,6.18,0.72,230,0.8
2.668,17.68,261.22,35,194,5.61,0.83,149,0.9
2.332,22.56,559.87,16,239.2,6.95,0.6,216,0.9
4.581,18.58,459.85,16,208,6.53,0.77,218,0.7
4.748,15.03,296.53,18,197.6,6.04,0.81,235,0.6
5.352,16.36,328.75,21,208,6.09,0.66,232,0.7
4.077,18.89,574.43,18,218.4,6.65,0.66,213,0.5
2.299,28.04,569.78,21,218.4,7.2,0.86,198,0.8
4.849,21.05,518.54,32,208,6.42,0.66,236,0.7
1.493,41.3,584.72,40,228.8,5.55,0.86,308,0.7
1.359,16.54,236.64,21,228.8,5.01,0.57,301,0.8
1.997,29.25,589.1,23,239.2,6.98,0.77,191,0.5
0.923,8.102,153.48,8,218.4,4.91,0.51,292,0.8
1.124,17.02,395.83,2,249.6,7,0.66,230,0.7
4.748,13.28,320.62,44,156,6.1,0.67,244,0.8
3.943,17.62,478.11,21,187.2,6.32,0.66,223,0.9
5.084,15.63,301.37,16,218.4,6.06,0.64,241,0.7
4.782,28.16,570.14,25,228.8,7.01,0.66,183,0.6
3.674,26.05,560.17,50,218.4,6.79,0.73,195,0.7
5.084,23.58,472.64,20,208,6.39,0.71,235,0.9
2.5,32.14,590.14,17,228.8,7.12,0.79,194,0.6
3.574,12.8,264.5,17,218.4,6.26,0.68,269,0.7
4.849,14.55,327.13,45,176.8,5.85,0.72,255,0.9
3.909,23.46,601.09,55,228.8,6.59,0.67,192,0.7
5.252,17.92,369.1,50,208,6.19,0.61,226,0.9
5.52,15.81,280.77,52,239.2,5.95,0.79,238,0.6
4.144,23.89,537.14,55,208,6.48,0.72,239,0.6
2.366,26.72,598.19,50,228.8,6.97,0.78,188,0.7
2.701,29.31,566.5,55,208,7.04,0.72,189,0.9
4.581,17.74,369.59,50,208,6.33,0.63,229,0.8
4.614,17.44,390.98,45,228.8,6.33,0.65,246,0.9
4.782,16.3,307.59,57,187.2,6.01,0.73,250,0.6
2.466,29.25,576.48,45,239.2,6.93,0.77,192,0.7
3.943,19.49,488.83,47,218.4,6.51,0.59,240,0.7
4.681,16.17,429.93,52,218.4,6.29,0.52,236,0.7
2.265,24.07,595.14,42,187.2,7.02,0.7,172,0.5
4.916,15.03,324.17,56,197.6,6.01,0.8,229,0.8
6.963,24.91,528.34,50,208,6.88,0.86,217,0.7
1.25,16.3,315.49,45,208,6.69,0.69,236,0.6
4.715,15.75,457.08,57,228.8,6.13,0.68,232,0.8
7.668,29.13,401.69,47,228.8,6.44,0.63,249,0.7
4.111,18.46,323.62,47,249.6,6.35,0.65,242,0.6
4.346,33.77,603.38,51,239.2,6.06,0.71,198,0.9
1.393,47.02,302.93,51,228.8,7.13,0.76,175,0.8
4.144,16.17,315.2,50,104,7.26,0.66,243,0.8
5.285,18.04,282.33,44,228.8,6.33,0.66,226,0.6
0.956,7.139,322.8,17,228.8,4.82,0.94,295,0.5
5.218,18.28,266.06,46,187.2,6.23,0.63,259,0.9
3.171,13.95,587.64,6,166.4,7.5,0.83,132,0.6
2.366,35.51,367.61,5,187.2,6.81,0.69,287,0.5
2.265,28.64,507.18,24,218.4,7.51,0.64,77,0.9
0.721,7.078,114.42,12,187.2,4.58,0.59,234,0.5
2.936,6.898,311.26,18,270.4,6.75,0.7,290,0.6
0.755,14.43,199.69,7,228.8,4.81,1,255,0.5
4.413,14.61,324.25,109,249.6,5.45,0.87,261,0.8
1.191,9.066,213.31,12,208,4.83,0.84,282,0.6
1.326,20.03,269.57,13,208,4.98,0.8,168,0.6
2.064,11.23,592.64,61,218.4,7.03,0.81,200,0.9
1.661,31.3,584.33,49,260,5.09,0.85,269,0.9
1.862,23.4,214.98,12,208,5.09,0.67,269,0.7
3.775,11.72,279.69,24,228.8,5.74,0.83,232,0.7
2.198,19.01,588.14,14,280.8,5.68,1.04,298,0.8
2.701,18.34,594.35,58,239.2,7.18,0.84,298,0.6
3.607,10.69,409.67,3,208,7.66,0.8,177,0.6
4.547,23.83,418.56,17,239.2,4.84,0.9,286,0.5
5.185,15.51,261.7,68,239.2,5.91,0.89,235,0.8
1.728,11.9,493.85,106,228.8,6.76,0.7,300,0.5
1.56,15.21,164.81,18,208,5.91,0.73,172,0.9
1.795,13.46,62.74,66,187.2,5.15,0.91,48,0.6
1.762,27.86,128.69,102,249.6,6.43,0.7,19,0.9
1.695,14.19,64.84,144,260,4.74,0.93,47,0.6
1.359,7.319,159.22,31,176.8,7.25,0.65,142,0.9
0.99,8.283,65.9,71,208,5.5,0.55,77,0.9
2.466,19.43,314.77,3,208,6.64,0.77,266,0.8
1.896,13.4,419.73,10,218.4,7.56,0.75,201,0.8
0.755,4.91,456.43,92,197.6,6.34,0.66,70,0.5
0.822,4.187,31.59,57,176.8,5.19,0.41,83,0.8
1.057,37.5,471.5,13,208,6.75,1.12,184,0.9
2.265,26.42,113.38,18,208,5.93,1.11,110,0.8
1.057,31.36,441.7,15,197.6,5.62,0.78,231,0.9
1.191,5.693,43.65,26,228.8,5.15,0.66,60,0.9
1.091,6.958,58.99,65,197.6,5.06,0.67,55,0.6
0.688,16.72,152.74,45,208,4.62,0.59,289,0.9
1.728,26.66,580.59,14,176.8,7.23,0.94,275,0.7
2.836,23.83,350.36,10,260,5.48,0.66,244,0.9
2.198,16.17,129.69,47,156,6.39,0.89,32,0.9
0.889,11.05,134.1,12,239.2,5.02,0.99,240,0.7
1.594,18.89,503.99,44,228.8,6.8,0.8,223,0.8
1.225,30.27,179.9,52,176.8,6.28,1.1,132,0.6
0.721,34.55,519.89,11,187.2,7.08,0.91,238,0.9
0.52,12.38,287.58,9,208,5.49,0.67,278,0.8
1.258,10.39,71.66,99,156,6.38,0.68,57,0.7
2.03,14.13,154.09,43,187.2,6.62,1.04,131,0.8
1.057,20.39,523.56,9,176.8,6.19,0.06,238,0.9
3.037,46.66,456.45,13,260,4.95,0.71,74,0.6
0.789,25.03,185,17,239.2,5.04,0.91,140,0.5
0.52,24.49,229.26,15,156,5.98,0.66,270,0.5
0.956,13.64,334.63,65,228.8,6.91,0.44,97,0.8
0.453,16.3,576.64,16,260,5.96,0.91,238,0.8
1.762,29.01,160.73,6,239.2,5.65,0.69,295,0.6
3.372,37.08,599.04,75,374.4,5.47,1.01,275,0.6
3.372,7.982,45.54,64,187.2,5.81,0.51,232,0.8
3.305,23.04,610.91,20,270.4,6.7,0.93,66,0.9
1.091,15.03,401.24,66,218.4,6.85,1.71,61,0.6
2.299,26.72,407.28,20,239.2,5.96,0.94,170,0.8
1.124,8.464,54.89,73,208,5.37,0.71,57,0.7
1.896,11.36,94.52,12,176.8,5.43,1.23,96,0.5
0.688,13.28,168.22,9,197.6,5.47,0.92,275,0.8
0.319,24.49,293.87,32,208,6.06,0.61,290,0.9
2.366,13.46,469.24,53,416,7.56,1.37,296,0.7
2.064,50.75,314.14,104,239.2,6.5,0.89,63,0.5
2.064,18.64,421.71,103,176.8,6.73,0.82,107,0.8
2.961,24.59,585.48,24,260,6.26,0.75,261,0.5
2.374,20.03,395.72,109,187.2,5.57,0.01,76,0.7
2.318,8.179,97.29,57,208,5.25,1.32,79,0.7
2.458,7.799,143.61,69,239.2,5.39,0.05,111,0.5
2.458,9.918,492.63,54,187.2,6.05,0.92,87,0.8
1.369,29.38,357.2,25,176.8,6.05,0.72,269,0.7
1.76,9.049,260.86,106,260,5.92,0.46,181,0.7
2.961,8.451,618.41,114,208,6.11,1.04,113,0.5
2.905,15.14,387.52,53,280.8,5.23,0.46,48,0.5
4.218,8.723,493.33,11,208,7.45,1.08,273,0.8
1.201,16.98,323.86,5,187.2,6.45,0.75,115,0.8
0.978,31.6,312.91,13,208,5.91,1.05,287,0.6
4.916,25.84,201.62,48,249.6,5.13,1.15,66,0.9
3.911,37.42,303.52,72,239.2,5.32,0.98,31,0.6
1.927,11.55,591.93,47,208,7.19,1.05,290,0.9
1.006,16.55,369.72,89,176.8,6.36,0.75,260,0.5
2.542,18.29,223.9,166,208,7.25,0.77,583,0.9
4.302,43.89,500.14,44,280.8,5.29,0.9,290,0.6
3.268,41.93,591.43,20,249.6,6.67,1.21,300,0.9
2.737,35.03,577.8,26,228.8,5.3,1.01,240,0.7
2.793,24.65,596.01,11,218.4,7.28,0.47,246,0.9
2.598,32.47,499.93,39,197.6,5.91,0.65,259,0.5
1.872,13.94,434.58,15,228.8,7.62,0.67,278,0.9
2.095,11.88,230.32,35,208,6.05,1.2,78,0.9
2.095,12.42,597.78,57,228.8,6.05,0.63,258,0.7
2.095,38.45,593.76,27,239.2,7.27,1.11,295,0.9
4.106,27.36,440.93,86,218.4,6.25,0.94,73,0.9
4.19,31.71,588.78,82,436.8,7,1.21,250,0.8
2.458,23.07,603.04,54,312,6.36,1.12,78,0.6
3.939,27.53,612.06,80,426.4,6.64,1.02,278,0.7
2.374,17.09,65.28,31,197.6,4.69,0.68,49,0.9
2.318,16.82,446.68,211,239.2,5.86,1.04,127,0.8
2.346,19.92,135.26,24,249.6,4.96,0.68,260,0.8
2.374,25.68,148.07,29,208,4.99,0.67,128,0.8
2.542,20.46,396.99,50,239.2,6.78,0.65,254,0.7
2.514,34.92,180.41,8,249.6,5.7,0.63,109,0.5
3.659,31.6,410.06,5,218.4,5.58,0.83,297,0.6
1.872,20.95,424.02,33,228.8,5.19,1.12,288,0.5
2.542,26.98,599.48,61,208,6.62,0.81,295,0.7
2.039,12.31,524.58,13,218.4,7.67,0.68,238,0.9
2.402,56.11,545.62,15,228.8,5.52,1.03,121,0.9
3.296,38.89,124.24,38,218.4,4.82,0.78,57,0.9
2.57,25.3,370.81,42,166.4,6.93,0.8,79,0.6
4.665,29.59,338.39,18,187.2,6.71,1.08,252,0.6
3.128,32.31,383.58,19,218.4,6.12,0.83,220,0.7
2.095,51.01,178.81,19,249.6,5.91,0.72,42,0.9
2.654,14.38,347.52,41,176.8,6.79,0.67,51,0.8
3.631,37.31,403.61,30,218.4,5.83,1.5,35,0.6
3.212,29.16,171.05,76,176.8,5.75,0.71,45,0.9
1.899,19.1,331.82,6,208,7.1,0.81,289,0.5
2.765,13.99,504.31,52,176.8,7.19,0.7,294,0.5
5.726,12.64,277.48,42,187.2,6.02,0.9,208,0.6
2.765,20.46,278.64,16,228.8,6.85,0.64,271,0.5
6.061,32.42,600.08,76,270.4,6.73,1.85,186,0.5
1.844,8.56,130.66,36,270.4,5.04,0.61,77,0.8
1.453,7.962,48.52,48,187.2,4.94,0.73,259,0.7
2.039,27.74,589.48,25,260,6.73,0.94,278,0.9
2.291,22.8,308.8,9,208,4.82,0.97,291,0.8
1.704,13.23,330.4,14,208,6.87,0.76,181,0.7
4.497,17.31,316.2,43,208,6.29,0.8,234,0.5
4.751,18.99,226.39,120,208,6.07,0.48,226,0.6
5.414,12.6,271.89,54,208,5.87,0.75,211,0.7
5.028,16.39,238.32,41,218.4,5.96,0.65,219,0.9
5.718,17.88,254.62,56,176.8,5.81,0.67,210,0.6
4.972,15.14,247.07,71,197.6,5.97,0.97,235,0.8
5.856,14.62,247.39,50,208,5.93,0.73,225,0.5
5.801,17.36,261.54,54,228.8,5.87,0.83,218,0.9
4.917,16.15,232.39,53,208,5.93,0.72,215,0.7
6.188,16.78,254.1,57,218.4,5.82,0.74,272,0.9
5.055,17.45,244.6,58,208,5.91,0.84,199,0.8
5.028,15.91,242.45,43,208,5.97,0.7,216,0.7
5.525,16.78,239.61,43,239.2,5.9,0.79,221,0.9
4.669,20,219.51,67,208,5.92,0.72,207,0.6
5.525,16.44,199.4,67,228.8,6.03,0.74,220,0.5
3.204,19.9,545.66,40,197.6,7.42,0.71,298,0.8
5.856,18.75,263.33,48,208,5.83,0.91,220,0.6
5.552,16.97,236.48,59,208,5.73,0.89,209,0.8
5.083,13.61,538.65,37,197.6,5.75,0.69,213,0.9
5.304,19.37,238.42,65,208,5.97,0.65,224,0.8
3.177,16.73,337.4,25,208,7.18,0.78,292,0.5
5.387,14.57,237.4,45,208,5.92,0.9,143,0.6
6.464,17.36,245.81,39,218.4,5.8,0.87,127,0.5
3.039,14.9,290.44,60,228.8,6.47,0.7,166,0.7
3.923,21.01,587.09,30,239.2,7.1,0.79,292,0.5
3.094,18.17,588.06,37,208,7.16,0.72,280,0.7
6.74,17.36,254.61,41,218.4,6.02,0.72,233,0.8
3.011,13.37,410.28,3,208,7.46,1.18,196,0.8
5.359,14.52,245.9,36,260,5.89,1.04,203,0.5
3.011,18.89,296.9,26,208,5.14,1,253,0.8
5.221,18.85,202.23,80,218.4,6.03,0.83,233,0.7
